name,state,category,description,local_story_or_legend,full_address,photo_url,thumbnail_url,hidden_gem,hidden_gem_story,Story Naration,Telugu Story Naration,Hidden jem image ,must_visit_hidden_gem_reason
Charminar,Telangana,Monument,Iconic 16th-century Qutb Shahi monument and symbol of Hyderabad's Old City.,Tradition says Muhammad Quli Qutb Shah built it after praying for the end of a plague.,"Charminar Rd, Char Kaman, Ghansi Bazaar, Hyderabad, Telangana 500002",https://thumb.wikimedia.org/wikipedia/commons/thumb/7/71/Charminar_Hyderabad_1.jpg/960px-Charminar_Hyderabad_1.jpg?utm_source=commons.wikimedia.org&utm_campaign=imageinfo&utm_content=thumbnail,https://thumb.wikimedia.org/wikipedia/commons/thumb/9/9e/Charminar%2C_Hyderabad%2C_Telangana.jpg/960px-Charminar%2C_Hyderabad%2C_Telangana.jpg?utm_source=commons.wikimedia.org&utm_campaign=imageinfo&utm_content=thumbnail,Laad Bazaar,Its bangle-and-bracelet market grew around the historic Charminar bazaar tradition; local shopkeepers preserve stories of generations of craft families.,"Charminar: The Four Towered Wonder

Long ago, in the year 1591 a kind ruler named Muhammad Quli Qutb Shah wanted to build a beautiful new city. He moved his capital from Golconda and began creating the city we now know as Hyderabad.

At the heart of the new city, he built a magnificent monument called the Charminar. The word  Charminar  means Four Minarets because the building has four tall towers standing proudly at its corners.

The Charminar was built in a beautiful style that combined  Persian designs with Indian craftsmanship . It was meant to be both a mosque, a place for prayer, and a madrasa , a place for learning.

People tell a special story about why it was built. At that time, a terrible disease called the plague had spread through the land. When the plague finally ended, the ruler is believed to have built the Charminar to celebrate and thank God.

Another story says that the monument marked the beginning of a new Islamic millennium. Whatever the true reason, Charminar became the centre of Hyderabad, and the city grew around it like petals around the centre of a flower.

Four grand gateways called Char Kaman were built to the north. Busy markets, homes and streets spread out from the monument. Even today, the area is full of life, colour and cheerful sounds.


Today, Charminar is not just an old building. It is the heart of Hyderabad. Near it, you can find the colourful Laad Bazaar, where shopkeepers sell sparkling bangles and traditional treasures.

When visitors stand beneath its four tall towers, they can imagine the ruler who dreamed of a beautiful city and the people who helped turn that dream into Hyderabad.
","చార్మినార్: నాలుగు మినార్ల అద్భుతం

చాలా కాలం క్రితం, 1591 సంవత్సరంలో, మహమ్మద్ కులీ కుతుబ్ షా అనే దయగల పాలకుడు ఒక అందమైన కొత్త నగరాన్ని నిర్మించాలని కోరుకున్నాడు. ఆయన తన రాజధానిని గోల్కొండ నుండి మార్చి, మనం ఇప్పుడు హైదరాబాద్ అని పిలిచే నగరాన్ని నిర్మించడం ప్రారంభించాడు.

కొత్త నగరానికి నడిబొడ్డున ఆయన ఒక అద్భుతమైన కట్టడాన్ని నిర్మించాడు. దానినే మనం చార్మినార్ అని పిలుస్తాము. “చార్మినార్” అనే పదానికి నాలుగు మినార్లు అని అర్థం. ఈ కట్టడం నాలుగు మూలల్లో గర్వంగా నిలిచిన నాలుగు ఎత్తైన మినార్లను కలిగి ఉంటుంది.

చార్మినార్‌ను పర్షియన్ నిర్మాణ శైలి మరియు భారతీయ శిల్పకళ కలయికతో ఎంతో అందంగా నిర్మించారు. ఇది ఒక మసీదుగా, అంటే ప్రార్థనలు చేసే ప్రదేశంగా, అలాగే మద్రసాగా, అంటే విద్యను అభ్యసించే ప్రదేశంగా కూడా ఉపయోగించబడేలా నిర్మించబడింది.

చార్మినార్ నిర్మాణానికి సంబంధించి ఒక ప్రత్యేకమైన కథ కూడా ఉంది. ఆ కాలంలో దేశంలో ఒక భయంకరమైన వ్యాధి అయిన ప్లేగు వ్యాపించింది. చివరకు ప్లేగు వ్యాధి అంతమవ్వడంతో, దానికి ముగింపు పలికినందుకు దేవునికి కృతజ్ఞతలు తెలుపుతూ, ఆ విజయాన్ని గుర్తుగా మహమ్మద్ కులీ కుతుబ్ షా చార్మినార్‌ను నిర్మించాడని చెబుతారు.

మరో కథనం ప్రకారం, ఈ కట్టడం ఒక కొత్త ఇస్లామిక్ సహస్రాబ్దం ప్రారంభానికి గుర్తుగా నిర్మించబడిందని చెబుతారు. అసలు కారణం ఏదైనా కావచ్చు, చార్మినార్ హైదరాబాద్‌కు కేంద్రంగా మారింది. ఒక పువ్వు మధ్యలోని భాగం చుట్టూ దాని రేకులు విస్తరించినట్లుగా, నగరం కూడా చార్మినార్ చుట్టూ అభివృద్ధి చెందింది.

చార్మినార్‌కు ఉత్తర దిశలో చార్ కమాన్ అని పిలువబడే నాలుగు గొప్ప ద్వారాలను నిర్మించారు. వాటి చుట్టూ రద్దీగా ఉండే మార్కెట్లు, ఇళ్లు, వీధులు విస్తరించాయి. నేటికీ ఈ ప్రాంతం సందడితో, రంగులతో, ఉత్సాహభరితమైన శబ్దాలతో కళకళలాడుతూ ఉంటుంది.

ఈరోజు చార్మినార్ కేవలం ఒక పురాతన కట్టడం మాత్రమే కాదు. అది హైదరాబాద్ నగరానికి హృదయం. చార్మినార్ సమీపంలో ఉన్న లాడ్ బజార్లో రంగురంగుల గాజులు, మెరిసే బంగిళ్లు మరియు సంప్రదాయ వస్తువులను వ్యాపారులు విక్రయిస్తారు.

సందర్శకులు చార్మినార్‌ యొక్క నాలుగు ఎత్తైన మినార్ల కింద నిలబడినప్పుడు, ఒక అందమైన నగరాన్ని నిర్మించాలని కలలు కన్న ఆ పాలకుడిని, అలాగే ఆ కలను నిజం చేసి హైదరాబాద్‌ను నిర్మించిన ప్రజలను ఊహించుకోవచ్చు.",,"Laad Bazaar adds a quieter local-history, culture or nature experience near Charminar."
Golconda Fort,Telangana,Fort,"Massive hill fort and former Qutb Shahi capital, famous for gateways, bastions and acoustic engineering.",A popular legend says the fort began after a shepherd discovered a sacred idol on the hill.,"Khair Complex, Ibrahim Bagh, Hyderabad, Telangana 500008",https://im.whatshot.in/img/2020/Oct/vertical-1601878991.jpg,https://thumb.wikimedia.org/wikipedia/commons/thumb/5/50/00-Golconda-Fort-Hyderabad_05.jpg/960px-00-Golconda-Fort-Hyderabad_05.jpg?utm_source=commons.wikimedia.org&utm_campaign=imageinfo&utm_content=thumbnail,Taramati Baradari,"The best-known legend links the pavilion with Taramati, a celebrated singer and dancer whose voice was said to carry across the Golconda landscape.","Golconda Fort: The Shepherd's Hill

More than 800 years ago, the Kakatiya rulers built a small mud fort on a rocky hill near present-day Hyderabad. It was called Gollakonda, meaning “Shepherd’s Hill” in Telugu.

Over time, the Bahmani rulers took control, and in 1518, Sultan Quli Qutb Shah made Golconda the capital of the Qutb Shahi kingdom. The small mud fort was transformed into a massive granite fortress with strong walls, grand gateways, palaces, mosques and gardens.

Golconda became a powerful city and a famous centre of diamond trading. Its markets also produced fine cotton cloth, which was exported to Persia and Southeast Asia.

The fort had a clever acoustic system. A clap near the entrance could be heard far away, helping guards send warnings across the fortress.

In 1590, the capital moved to Hyderabad. Later, in 1687, Mughal emperor Aurangzeb besieged Golconda for eight months. The fort eventually fell, and the last Qutb Shahi ruler, Abul Hasan Qutb Shah, was captured.

Though the city declined, its granite walls survived. Today, Golconda Fort tells the story of how a simple shepherd’s hill became a powerful kingdom known for its architecture, trade, diamonds and remarkable echoes.","గోల్కొండ కోట: గొర్రెల కాపరి కొండ

800 సంవత్సరాల కంటే ఎక్కువ కాలం క్రితం, కాకతీయ పాలకులు నేటి హైదరాబాద్ సమీపంలోని ఒక రాతి కొండపై చిన్న మట్టి కోటను నిర్మించారు. దానికి తెలుగులో “గొర్రెల కాపరి కొండ” అని అర్థమయ్యే గొల్లకొండ అనే పేరు పెట్టారు.

కాలక్రమేణా బహమనీ పాలకులు ఈ ప్రాంతాన్ని తమ ఆధీనంలోకి తీసుకున్నారు. తరువాత, 1518 సంవత్సరంలో, సుల్తాన్ కులీ కుతుబ్ షా గోల్కొండను కుతుబ్ షాహీ రాజ్యానికి రాజధానిగా మార్చాడు. చిన్న మట్టి కోటను బలమైన గోడలు, గొప్ప ప్రవేశ ద్వారాలు, రాజభవనాలు, మసీదులు మరియు ఉద్యానవనాలతో కూడిన భారీ గ్రానైట్ కోటగా మార్చారు.

గోల్కొండ ఒక శక్తివంతమైన నగరంగా ఎదిగి, వజ్రాల వ్యాపారానికి ప్రసిద్ధి చెందిన కేంద్రంగా మారింది. అక్కడి మార్కెట్లలో నాణ్యమైన పత్తి వస్త్రాలు కూడా తయారయ్యేవి. వాటిని పర్షియా మరియు ఆగ్నేయాసియా దేశాలకు ఎగుమతి చేసేవారు.

ఈ కోటలో ఎంతో తెలివిగా రూపొందించిన శబ్ద వ్యవస్థ ఉండేది. ప్రవేశ ద్వారం దగ్గర చప్పట్లు కొడితే, ఆ శబ్దం కోటలోని చాలా దూర ప్రాంతాలకు కూడా వినిపించేది. దీని ద్వారా కాపలాదారులు కోట అంతటా హెచ్చరికలను పంపగలిగేవారు.

1590 సంవత్సరంలో రాజధానిని హైదరాబాద్‌కు మార్చారు. తరువాత, 1687లో, మొఘల్ చక్రవర్తి ఔరంగజేబు గోల్కొండను ఎనిమిది నెలల పాటు ముట్టడించాడు. చివరకు కోట అతని ఆధీనంలోకి వెళ్లింది. చివరి కుతుబ్ షాహీ పాలకుడు అబుల్ హసన్ కుతుబ్ షా బందీగా పట్టుబడ్డాడు.

కాలక్రమేణా నగరం తన ప్రాభవాన్ని కోల్పోయినా, దాని గ్రానైట్ గోడలు మాత్రం నిలిచిపోయాయి. ఈరోజు గోల్కొండ కోట ఒక సాధారణ గొర్రెల కాపరి కొండ ఎలా శక్తివంతమైన రాజ్యంగా మారిందో చెప్పే చారిత్రక కథను మనకు వినిపిస్తుంది. దాని అద్భుతమైన నిర్మాణం, వాణిజ్యం, వజ్రాలు మరియు దూరదూరాలకూ వినిపించే ప్రతిధ్వనులు గోల్కొండ వైభవాన్ని గుర్తుచేస్తాయి.",,"Taramati Baradari adds a quieter local-history, culture or nature experience near Golconda Fort."
Qutb Shahi Tombs,Telangana,Tombs,"Royal necropolis of the Qutb Shahi dynasty with domed tombs, gardens and Indo-Islamic architecture.",Local tradition treats the tomb complex as a sacred resting garden for the royal dead.,"Ibrahim Bagh, Qutb Shahi Tombs Rd, Hyderabad, Telangana 500008",https://thumb.wikimedia.org/wikipedia/commons/thumb/0/03/Qutb_Shahi_Tombs_-_minarets.jpg/960px-Qutb_Shahi_Tombs_-_minarets.jpg?utm_source=commons.wikimedia.org&utm_campaign=imageinfo&utm_content=thumbnail,https://thumb.wikimedia.org/wikipedia/commons/thumb/2/24/00-Golconda-Fort-Hyderabad_09.jpg/960px-00-Golconda-Fort-Hyderabad_09.jpg?utm_source=commons.wikimedia.org&utm_campaign=imageinfo&utm_content=thumbnail,Naya Qila,The quieter outer fortification is remembered in local stories as a defensive extension where soldiers watched approaches to Golconda.,"Qutb Shahi Tombs: The Garden of Kings

Imagine walking into a quiet garden near Golconda Fort, where beautiful domes rise above the trees. Welcome to the Qutb Shahi Tombs, the resting place of the rulers of the Qutb Shahi dynasty.

Long ago, the Qutb Shahi kings built these grand tombs for their family. Each tomb has a beautiful dome, arches and stone carvings, showing the special Persian and Indian style of architecture of that time.

During the Qutb Shahi period, these tombs were deeply respected. People came here not only to remember the rulers, but also to admire their beautiful resting places.

But in 1687, everything suddenly changed.

The Mughal emperor Aurangzeb attacked Golconda. During the siege, the peaceful tomb garden was turned into a military camp. Soldiers used some of the tombs as barracks and even placed guns on the buildings to attack Golconda Fort.

After the war, the tombs were neglected and slowly fell into disrepair.

Then, in the early 19th century, Sir Salar Jung III helped restore them. Gardens were planted, walls were built around the complex, and the forgotten tombs once again became a peaceful and beautiful place.

Today, the Qutb Shahi Tombs feel like a garden frozen in time. Walking among the domes and trees, you can imagine the kings, soldiers and people who once lived around Golconda.

Almost all the Qutb Shahi sultans are buried here, making this peaceful garden an important part of Hyderabad's royal history.","కుతుబ్ షాహీ సమాధులు: రాజుల ఉద్యానవనం

గోల్కొండ కోట సమీపంలోని ఒక ప్రశాంతమైన ఉద్యానవనంలోకి అడుగుపెడుతున్నట్లు ఊహించుకోండి. చుట్టూ చెట్లు, వాటి మధ్య ఆకాశాన్ని తాకే అందమైన గోపురాలు కనిపిస్తాయి. కుతుబ్ షాహీ సమాధులకు స్వాగతం — ఇవి కుతుబ్ షాహీ వంశ పాలకుల అంతిమ విశ్రాంతి స్థలం.

చాలా కాలం క్రితం, కుతుబ్ షాహీ రాజులు తమ కుటుంబ సభ్యుల కోసం ఈ అద్భుతమైన సమాధులను నిర్మించారు. ప్రతి సమాధిపై అందమైన గోపురం, వంపు ద్వారాలు మరియు రాతి శిల్పాలు కనిపిస్తాయి. ఇవన్నీ ఆ కాలంలో అభివృద్ధి చెందిన పర్షియన్ మరియు భారతీయ నిర్మాణ శైలుల ప్రత్యేక కలయికను ప్రతిబింబిస్తాయి.

కుతుబ్ షాహీ పాలనలో ఈ సమాధులకు ఎంతో గౌరవం ఉండేది. ప్రజలు పాలకులను స్మరించుకోవడానికి మాత్రమే కాకుండా, వారి అందమైన విశ్రాంతి స్థలాలను చూసి ఆస్వాదించడానికి కూడా ఇక్కడికి వచ్చేవారు.

కానీ 1687లో, పరిస్థితులు ఒక్కసారిగా మారిపోయాయి.

మొఘల్ చక్రవర్తి ఔరంగజేబు గోల్కొండపై దాడి చేశాడు. ముట్టడి సమయంలో ప్రశాంతంగా ఉన్న ఈ సమాధుల ఉద్యానవనం సైనిక శిబిరంగా మారింది. సైనికులు కొన్ని సమాధులను తమ నివాసాలుగా ఉపయోగించుకున్నారు. గోల్కొండ కోటపై దాడి చేయడానికి కొన్ని భవనాలపై ఫిరంగులను కూడా ఏర్పాటు చేశారు.

యుద్ధం ముగిసిన తరువాత, ఈ సమాధులు నిర్లక్ష్యానికి గురై క్రమంగా శిథిలావస్థకు చేరుకున్నాయి.

తర్వాత, 19వ శతాబ్దం ప్రారంభంలో, సర్ సాలార్ జంగ్ III వీటి పునరుద్ధరణకు సహాయం చేశారు. ఉద్యానవనాలను అభివృద్ధి చేశారు, సముదాయం చుట్టూ గోడలను నిర్మించారు. ఇలా మరచిపోయిన ఈ సమాధులు మళ్లీ ప్రశాంతమైన, అందమైన ప్రదేశంగా మారాయి.

ఈరోజు కుతుబ్ షాహీ సమాధులు కాలంలో నిలిచిపోయిన ఒక ఉద్యానవనం లాగా అనిపిస్తాయి. గోపురాలు మరియు చెట్ల మధ్య నడుస్తున్నప్పుడు, ఒకప్పుడు గోల్కొండ చుట్టూ జీవించిన రాజులు, సైనికులు మరియు ప్రజలను మనం ఊహించుకోవచ్చు.

దాదాపు అన్ని కుతుబ్ షాహీ సుల్తాన్లు ఇక్కడే సమాధి చేయబడ్డారు. అందుకే ఈ ప్రశాంతమైన ఉద్యానవనం హైదరాబాద్‌ యొక్క రాజవంశ చరిత్రలో ఒక ముఖ్యమైన భాగంగా నిలిచింది.",,"Naya Qila adds a quieter local-history, culture or nature experience near Qutb Shahi Tombs."
Chowmahalla Palace,Telangana,Palace,Former Asaf Jahi ceremonial palace complex known for grand courtyards and Khilwat Mubarak.,The palace was the ceremonial heart of the Nizams and the setting for royal receptions and investitures.,"20-4-236, Motigalli, Khilwat, Hyderabad, Telangana 500002",https://encrypted-tbn0.gstatic.com/images?q=tbn:ANd9GcSP2Yr9XfIo8tOhns3xfNleAY4AObP6volOCfvvho23hzYl1aMn_ZtNDFI&s=10,https://thumb.wikimedia.org/wikipedia/commons/thumb/9/94/Chowmahalla_Palace_Hyderabad_Tealagana_India.jpg/960px-Chowmahalla_Palace_Hyderabad_Tealagana_India.jpg?utm_source=commons.wikimedia.org&utm_campaign=imageinfo&utm_content=thumbnail,Purani Haveli,"The palace-museum quarter preserves stories of Nizam-era household life, including royal possessions and everyday courtly routines.","Chowmahalla Palace: The Palace of the Nizams

Imagine stepping through a grand gate and entering a palace filled with sparkling chandeliers, beautiful gardens and royal fountains. Welcome to Chowmahalla Palace, once the magnificent home of the Nizams of Hyderabad.

The story began in 1750, when Salabat Jung started building the palace. It took many years to complete, finally reaching its grand form during the reign of Afzal ad-Dawlah, Asaf Jah V, in the 19th century.

The name Chowmahalla means “Four Palaces.” The palace grew into a beautiful mix of Persian, Mughal, Indian and European architecture, with grand courtyards and elegant halls.

At the heart of the palace is the magnificent Khilwat Mubarak, where the Nizams held royal gatherings and important ceremonies. Imagine the great hall glowing with crystal chandeliers while the Nizam sat on his royal seat!

There was even a clock tower whose clock has been ticking since around 1750, carefully wound every week.

But time was not always kind to the palace. After years of neglect, much of it began to deteriorate. In the 2000s, the palace was carefully restored using traditional craftsmen and old building techniques.

Today, Chowmahalla Palace is like a storybook brought back to life. Its halls, gardens, royal objects and vintage cars give visitors a glimpse into the grand world of Hyderabad's Nizams.

And in 2010, its careful restoration received a UNESCO Asia-Pacific heritage award, helping preserve this royal treasure for future generations.","చౌమహల్లా ప్యాలెస్: నిజాముల రాజభవనం

ఒక గొప్ప ద్వారం గుండా అడుగుపెట్టి, మెరిసే దీపాలంకరణలు, అందమైన ఉద్యానవనాలు మరియు రాజసమైన ఫౌంటెన్లతో నిండిన ఒక అద్భుతమైన రాజభవనంలోకి ప్రవేశిస్తున్నట్లు ఊహించుకోండి. చౌమహల్లా ప్యాలెస్‌కు స్వాగతం — ఇది ఒకప్పుడు హైదరాబాద్ నిజాముల అద్భుతమైన నివాసంగా ఉండేది.

ఈ కథ 1750లో ప్రారంభమైంది. సలాబత్ జంగ్ ఈ రాజభవన నిర్మాణాన్ని ప్రారంభించాడు. దీనిని పూర్తి చేయడానికి చాలా సంవత్సరాలు పట్టింది. చివరకు 19వ శతాబ్దంలో అసఫ్ జా V, అఫ్జల్-ఉద్-దౌలా పాలనలో ఈ రాజభవనం తన అద్భుతమైన రూపాన్ని సంతరించుకుంది.

“చౌమహల్లా” అనే పేరుకు “నాలుగు రాజభవనాలు” అని అర్థం. కాలక్రమేణా ఈ రాజభవనం పర్షియన్, మొఘల్, భారతీయ మరియు యూరోపియన్ నిర్మాణ శైలుల అందమైన కలయికగా అభివృద్ధి చెందింది. ఇందులో విశాలమైన ప్రాంగణాలు మరియు అందమైన రాజసభ మందిరాలు ఉన్నాయి.

రాజభవనం మధ్యలో ఉన్న అద్భుతమైన ఖిల్వత్ ముబారక్ ప్రత్యేకమైనది. నిజాములు ఇక్కడ రాజసభలు, ముఖ్యమైన సమావేశాలు మరియు వేడుకలు నిర్వహించేవారు. స్ఫటికపు దీపాల కాంతిలో మెరిసే ఆ గొప్ప మందిరంలో నిజాము తన రాజాసనంపై కూర్చుని ఉన్న దృశ్యాన్ని ఊహించుకోండి!

రాజభవనంలో ఒక గడియారపు గోపురం కూడా ఉంది. అందులోని గడియారం సుమారు 1750 సంవత్సరం నుంచి పనిచేస్తూ ఉందని చెబుతారు. దానిని ప్రతి వారం జాగ్రత్తగా తిప్పి నడిపించేవారు.

అయితే కాలం ఈ రాజభవనానికి ఎప్పుడూ అనుకూలంగా ఉండలేదు. ఎన్నో సంవత్సరాల నిర్లక్ష్యం కారణంగా రాజభవనంలోని చాలా భాగాలు క్రమంగా శిథిలావస్థకు చేరుకున్నాయి. 2000వ దశకంలో, సంప్రదాయ శిల్పులు మరియు పురాతన నిర్మాణ పద్ధతులను ఉపయోగించి రాజభవనాన్ని ఎంతో జాగ్రత్తగా పునరుద్ధరించారు.

ఈరోజు చౌమహల్లా ప్యాలెస్ తిరిగి ప్రాణం పోసుకున్న ఒక కథల పుస్తకంలా కనిపిస్తుంది. దాని రాజసభ మందిరాలు, ఉద్యానవనాలు, పురాతన రాజ వస్తువులు మరియు పాతకాలపు కార్లు సందర్శకులకు హైదరాబాద్ నిజాముల వైభవమైన ప్రపంచాన్ని పరిచయం చేస్తాయి.

2010లో, ఈ రాజభవనం యొక్క జాగ్రత్తగా నిర్వహించిన పునరుద్ధరణకు యునెస్కో ఆసియా-పసిఫిక్ హెరిటేజ్ అవార్డు లభించింది. దీంతో ఈ రాజసంపదను భవిష్యత్ తరాల కోసం సంరక్షించేందుకు మరింత గుర్తింపు లభించింది.",,"Purani Haveli adds a quieter local-history, culture or nature experience near Chowmahalla Palace."
Salar Jung Museum,Telangana,Museum,Major Hyderabad museum built around the extensive collection assembled by the Salar Jung family.,The veiled Rebecca sculpture is famous for its illusion of a translucent marble veil.,"Dar-ul-Shifa, Hyderabad, Telangana 500002",https://thumb.wikimedia.org/wikipedia/commons/thumb/a/ac/Salar_Jung_Museum%2C_Hyderabad%2C_India.jpg/960px-Salar_Jung_Museum%2C_Hyderabad%2C_India.jpg?utm_source=commons.wikimedia.org&utm_campaign=imageinfo&utm_content=thumbnail,https://thumb.wikimedia.org/wikipedia/commons/thumb/9/97/Various_Sculptures_in_Salar_Jung_Museum%2C_Hyderabad_07.jpg/960px-Various_Sculptures_in_Salar_Jung_Museum%2C_Hyderabad_07.jpg?utm_source=commons.wikimedia.org&utm_campaign=imageinfo&utm_content=thumbnail,Nizam's Museum at Purani Haveli,"Its collections preserve material memories of the Nizam household, turning ordinary objects of court life into historical stories.","Salar Jung Museum: The Treasure House of Hyderabad

Imagine a curious man who loved beautiful things so much that he travelled far and wide, bringing home paintings, sculptures, books, weapons, clocks and treasures from different parts of the world.

This was Mir Yousuf Ali Khan, Salar Jung III, a nobleman and Prime Minister of Hyderabad. For about 35 years, he spent much of his wealth collecting remarkable objects from India, Europe, Asia and the Middle East.

When he died in 1949, his enormous collection remained in his ancestral palace. A museum was opened there in 1951, and later the collection was moved to its present home in Dar-ul-Shifa in 1968.

Now, imagine walking through its galleries and discovering a marble statue that looks as if a delicate veil is covering a woman's face, ancient coins, colourful miniature paintings, royal jade daggers, Japanese art, beautiful clocks and even old manuscripts.

One of its most famous treasures is The Veiled Rebecca, a marble sculpture that Salar Jung acquired during his travels in Europe. The museum also has a fascinating collection of clocks, including a musical clock.

With treasures from many cultures gathered under one roof, the Salar Jung Museum feels like a giant treasure chest of history.

And the best part?

Every room tells a different story of kings, artists, travellers and people from distant lands, all waiting for curious visitors to discover them","సాలార్ జంగ్ మ్యూజియం: హైదరాబాద్‌ నిధుల భాండాగారం

అందమైన వస్తువులను ఎంతగానో ఇష్టపడే ఒక ఆసక్తికరమైన వ్యక్తిని ఊహించుకోండి. ఆయన ప్రపంచంలోని ఎన్నో ప్రాంతాలకు ప్రయాణిస్తూ, అక్కడి నుంచి చిత్రాలు, శిల్పాలు, పుస్తకాలు, ఆయుధాలు, గడియారాలు మరియు ఎన్నో విలువైన వస్తువులను సేకరించి తన ఇంటికి తీసుకువచ్చేవారు.

ఆయనే మీర్ యూసుఫ్ అలీ ఖాన్, సాలార్ జంగ్ III — హైదరాబాద్‌కు చెందిన ప్రముఖ వ్యక్తి మరియు ప్రధానమంత్రి. దాదాపు 35 సంవత్సరాల పాటు, ఆయన తన సంపదలో ఎక్కువ భాగాన్ని భారతదేశం, యూరప్, ఆసియా మరియు మధ్యప్రాచ్య దేశాల నుంచి అద్భుతమైన కళాఖండాలు మరియు అరుదైన వస్తువులను సేకరించడానికి వినియోగించారు.

1949లో ఆయన మరణించినప్పుడు, ఆయన సేకరించిన అపారమైన సంపద ఆయన పూర్వీకుల రాజభవనంలోనే మిగిలిపోయింది. 1951లో అక్కడ ఒక మ్యూజియం ప్రారంభించారు. తరువాత, 1968లో, ఈ సేకరణను ప్రస్తుతం ఉన్న దార్-ఉల్-షిఫాలోని భవనానికి తరలించారు.

ఇప్పుడు, మీరు మ్యూజియంలోని గ్యాలరీలలో నడుస్తూ వెళ్తున్నట్లు ఊహించుకోండి. అక్కడ ఒక మహిళ ముఖాన్ని పలుచని ముసుగు కప్పినట్లుగా కనిపించే అద్భుతమైన మార్బుల్ శిల్పం, పురాతన నాణేలు, రంగురంగుల సూక్ష్మ చిత్రాలు, రాజవంశానికి చెందిన జేడ్ బాకులు, జపాన్ కళాఖండాలు, అందమైన గడియారాలు మరియు పురాతన గ్రంథాలను చూడవచ్చు.

మ్యూజియంలోని అత్యంత ప్రసిద్ధ నిధుల్లో ఒకటి “ది వేల్డ్ రెబెక్కా”. ఇది ఒక అద్భుతమైన మార్బుల్ శిల్పం. సాలార్ జంగ్ యూరప్ పర్యటనల సమయంలో దీనిని సేకరించారు. మ్యూజియంలో అనేక రకాల గడియారాల అద్భుతమైన సేకరణ కూడా ఉంది. వాటిలో సంగీతాన్ని వినిపించే మ్యూజికల్ క్లాక్ ప్రత్యేక ఆకర్షణగా నిలుస్తుంది.

అనేక సంస్కృతులకు చెందిన విలువైన వస్తువులు ఒకే చోట కనిపించడం వల్ల, సాలార్ జంగ్ మ్యూజియం చరిత్ర అనే ఒక భారీ నిధి పెట్టెలా అనిపిస్తుంది.

మరి ఇందులోని అత్యంత ఆసక్తికరమైన విషయం ఏమిటంటే?

ప్రతి గది ఒక ప్రత్యేకమైన కథను చెబుతుంది — రాజులు, కళాకారులు, ప్రయాణికులు మరియు దూర ప్రాంతాల్లో నివసించిన ప్రజల కథలను. ఆ కథలన్నీ ఆసక్తితో వచ్చే సందర్శకులు తమంతట తామే కనుగొనడానికి ఎదురుచూస్తున్నాయి.",,"Nizam's Museum at Purani Haveli adds a quieter local-history, culture or nature experience near Salar Jung Museum."
Hussain Sagar Lake,Telangana,Lake,"Historic lake linking Hyderabad and Secunderabad, known for its Buddha statue and Tank Bund.","Tradition connects the lake's name with Hussain Shah Wali, a Sufi saint associated with its construction.","Tank Bund Rd, Hyderabad, Telangana 500080",https://preview.redd.it/some-places-are-better-after-sunset-and-hussain-sagar-makes-v0-7wiby35szjif1.jpg?width=1080&crop=smart&auto=webp&s=3d8a1ad0a78d8006c07c9287f2efce64920de610,https://encrypted-tbn0.gstatic.com/images?q=tbn:ANd9GcTEV-5pEOYRKMSEFVqAaLbjPnhuXNvqysdelks_MmMTGlcQTauVcqNceKCO&s=10,Sanjeevaiah Park,"Local Hyderabad memory treats the park as a quieter lakeside escape from Tank Bund, especially around sunrise and evening.","Hussain Sagar: The Lake with a Giant Buddha

Long ago, in 1562, a ruler named Ibrahim Quli Qutb Shah wanted to bring water to the people of Hyderabad. So, a great artificial lake was built across a tributary of the Musi River.

The lake was named Hussain Sagar after Hussain Shah Wali, an important figure in the Qutb Shahi kingdom.

For many years, Hussain Sagar was the main source of water for Hyderabad and Secunderabad. But the lake had an even bigger surprise waiting for the future!

In 1992, a huge statue of Gautama Buddha was placed on a small rocky island in the middle of the lake. Carved from a massive piece of white granite, the statue stands about 18 metres tall.

Imagine sitting in a boat and looking up at the peaceful Buddha, rising above the sparkling water!

Around the lake, you can also find Tank Bund, parks, gardens and beautiful city landmarks. The lake has even been a place for sailing and boat rides.

Today, Hussain Sagar is more than just a lake. It is a place where Hyderabad's history, water, culture and modern city life come together with the calm Buddha watching over it all.","హుస్సేన్ సాగర్: భారీ బుద్ధ విగ్రహం ఉన్న సరస్సు

చాలా కాలం క్రితం, 1562లో, ఇబ్రహీం కులీ కుతుబ్ షా అనే పాలకుడు హైదరాబాద్ ప్రజలకు నీటిని అందించాలని కోరుకున్నాడు. అందుకే మూసీ నదికి చెందిన ఒక ఉపనదిపై ఒక భారీ కృత్రిమ సరస్సును నిర్మించారు.

ఈ సరస్సుకు కుతుబ్ షాహీ రాజ్యంలో ముఖ్యమైన వ్యక్తి అయిన హుస్సేన్ షా వలీ పేరు మీదుగా హుస్సేన్ సాగర్ అని పేరు పెట్టారు.

చాలా సంవత్సరాల పాటు హుస్సేన్ సాగర్ హైదరాబాద్ మరియు సికింద్రాబాద్ నగరాలకు ప్రధాన నీటి వనరుగా ఉండేది. అయితే ఈ సరస్సు భవిష్యత్తు కోసం ఇంకా ఒక అద్భుతాన్ని దాచుకుంది!

1992లో, సరస్సు మధ్యలో ఉన్న ఒక చిన్న రాతి ద్వీపంపై గౌతమ బుద్ధుని భారీ విగ్రహాన్ని ప్రతిష్ఠించారు. ఒకే భారీ తెల్లటి గ్రానైట్ రాయితో చెక్కబడిన ఈ విగ్రహం సుమారు 18 మీటర్ల ఎత్తు ఉంటుంది.

మెరిసే నీటి మధ్య పడవలో కూర్చుని, ప్రశాంతంగా నిలిచిన బుద్ధుని విగ్రహం వైపు పైకి చూస్తున్న దృశ్యాన్ని ఊహించుకోండి!

సరస్సు చుట్టూ ట్యాంక్ బండ్, ఉద్యానవనాలు, పార్కులు మరియు నగరంలోని అనేక అందమైన ప్రదేశాలు కనిపిస్తాయి. ఇక్కడ పడవ ప్రయాణాలు మరియు నౌకాయానం కూడా జరిగేవి.

ఈరోజు హుస్సేన్ సాగర్ కేవలం ఒక సరస్సు మాత్రమే కాదు. ఇది హైదరాబాద్ చరిత్ర, నీటి వనరులు, సంస్కృతి మరియు ఆధునిక నగర జీవనాన్ని ఒకే చోట కలిపే ప్రత్యేక ప్రదేశం. ఇవన్నింటినీ ప్రశాంతంగా చూస్తూ, సరస్సు మధ్యలోని బుద్ధుడు నగరాన్ని కాపాడుతున్నట్లుగా అనిపిస్తాడు.",,"Sanjeevaiah Park adds a quieter local-history, culture or nature experience near Hussain Sagar Lake."
Ramoji Film City,Telangana,Film & Entertainment,"Large film-production and visitor complex with sets, gardens, shows and themed attractions.",Film-world stories celebrate how visitors can appear to move between cities and eras within one site.,"Abdullapurmet, Vijayawada Highway, Hyderabad, Telangana 501512",https://www.paisawapas.com/scroll-time/wp-content/uploads/2023/12/Ramoji-Film-City-Hyderabad.jpg,https://thumb.wikimedia.org/wikipedia/commons/thumb/5/57/Ramoji_Film_City_Hyderabad.jpg/960px-Ramoji_Film_City_Hyderabad.jpg?utm_source=commons.wikimedia.org&utm_campaign=imageinfo&utm_content=thumbnail,Karmanghat Hanuman Temple,"A popular local legend says the shrine's Hanuman image helped protect devotees and the surrounding settlement, giving the temple its enduring devotional reputation.","Ramoji Film City: The City Where Movies Come Alive

Imagine entering a huge city where a railway station, airport, palace, forest and even a whole village are waiting for you—but there are no real trains or planes! Welcome to Ramoji Film City, near Hyderabad.

The idea for this magical place came from Ramoji Rao, who dreamed of creating a giant film studio inspired by the famous studios of Hollywood. The rocky land and forests were transformed into a wonderful world of movie sets, while much of its natural beauty was preserved.

Ramoji Film City opened in 1996, and the first film completely shot there was Maa Nannaku Pelli in 1997. Since then, hundreds of films have been made here in different Indian languages.

Walk around and you might see grand palaces, gardens, railway stations, airports and colourful streets all built to make movie stories feel real. Some famous sets, including those from the Baahubali films, have also become attractions for visitors.

And here comes the spooky part!  A local legend says that the land was once a battlefield of the Nizams, and that the spirits of soldiers who died there still wander around. It is only a story, but it adds a little mystery to this magical place!

Today, Ramoji Film City is both a working film studio and a giant world of entertainment, where visitors can step inside the amazing world of cinema.","రామోజీ ఫిల్మ్ సిటీ: సినిమాలు సజీవంగా మారే నగరం

హైదరాబాద్ సమీపంలో ఒక భారీ నగరంలోకి అడుగుపెడుతున్నట్లు ఊహించుకోండి. అక్కడ ఒక రైల్వే స్టేషన్, విమానాశ్రయం, రాజభవనం, అడవి, ఇంకా ఒక పూర్తి గ్రామం కూడా మీ కోసం సిద్ధంగా ఉంటాయి — కానీ అక్కడ నిజమైన రైళ్లు లేదా విమానాలు ఉండవు! రామోజీ ఫిల్మ్ సిటీకి స్వాగతం.

ఈ అద్భుతమైన ప్రదేశం ఆలోచన రామోజీ రావు నుంచి వచ్చింది. హాలీవుడ్‌లోని ప్రసిద్ధ ఫిల్మ్ స్టూడియోల స్ఫూర్తితో ఒక భారీ సినిమా స్టూడియోను నిర్మించాలని ఆయన కలలు కన్నారు. రాతి నేలలు మరియు అడవులను అద్భుతమైన సినిమా సెట్ల ప్రపంచంగా మార్చారు. అదే సమయంలో అక్కడి సహజ అందాలను చాలా వరకు సంరక్షించారు.

1996లో రామోజీ ఫిల్మ్ సిటీ ప్రారంభమైంది. అక్కడ పూర్తిగా చిత్రీకరించిన తొలి సినిమా “మా నాన్నకు పెళ్లి”, ఇది 1997లో విడుదలైంది. అప్పటి నుంచి వివిధ భారతీయ భాషల్లో వందలాది సినిమాలు ఇక్కడ చిత్రీకరించబడ్డాయి.

ఇక్కడ నడుస్తూ వెళ్తే, సినిమా కథలను నిజమైనవిగా అనిపించేలా నిర్మించిన అద్భుతమైన రాజభవనాలు, ఉద్యానవనాలు, రైల్వే స్టేషన్లు, విమానాశ్రయాలు మరియు రంగురంగుల వీధులు కనిపిస్తాయి. బాహుబలి సినిమాల కోసం రూపొందించిన కొన్ని ప్రసిద్ధ సెట్లు కూడా సందర్శకులకు ఆకర్షణగా మారాయి.

ఇక ఇప్పుడు ఒక ఆసక్తికరమైన, కొంచెం భయపెట్టే కథ!

ఒక స్థానిక కథనం ప్రకారం, ఈ ప్రాంతం ఒకప్పుడు నిజాముల సైన్యాల యుద్ధభూమిగా ఉండేదట. అక్కడ మరణించిన సైనికుల ఆత్మలు ఇప్పటికీ ఆ ప్రాంతంలో తిరుగుతున్నాయని కొందరు చెబుతారు. ఇది కేవలం ఒక కథ మాత్రమే అయినప్పటికీ, ఈ అద్భుతమైన ప్రదేశానికి కొంత రహస్యమైన ఆసక్తిని జోడిస్తుంది!

ఈరోజు రామోజీ ఫిల్మ్ సిటీ ఒక పనిచేస్తున్న ఫిల్మ్ స్టూడియో మాత్రమే కాదు. ఇది ఒక భారీ వినోద ప్రపంచం కూడా. ఇక్కడికి వచ్చే సందర్శకులు సినిమా ప్రపంచంలోకి అడుగుపెట్టి, తెరపై కనిపించే అద్భుతాల వెనుక ఉన్న ప్రపంచాన్ని ప్రత్యక్షంగా అనుభవించవచ్చు",,"Karmanghat Hanuman Temple adds a quieter local-history, culture or nature experience near Ramoji Film City."
Statue of Equality,Telangana,Spiritual Monument,"Large monument and spiritual complex dedicated to Sri Ramanuja, featuring a 216-foot statue.",The project commemorates Ramanuja's teaching on equality and wider access to spiritual knowledge.,"Muchintal, Shamshabad, Rangareddy, Telangana 509325",https://thumb.wikimedia.org/wikipedia/commons/thumb/4/4a/Statue_of_Equality%2C_Hyderabad.jpg/960px-Statue_of_Equality%2C_Hyderabad.jpg?utm_source=commons.wikimedia.org&utm_campaign=imageinfo&utm_content=thumbnail,https://thumb.wikimedia.org/wikipedia/commons/thumb/6/66/Statue_of_Equality%2C_Telangana%2C_Hyderabad_17.jpg/960px-Statue_of_Equality%2C_Telangana%2C_Hyderabad_17.jpg?utm_source=commons.wikimedia.org&utm_campaign=imageinfo&utm_content=thumbnail,Ammapalli Sri Ramachandra Swamy Temple,The old temple is associated with a long village tradition of Rama worship and is known for its distinctive historic setting away from Hyderabad's busiest tourist circuit.,"Statue of Equality: The Teacher Who Spoke for Everyone

Long ago, more than 1,000 years ago, there lived a great Indian philosopher and teacher named Ramanuja. He believed that every person was equal and everyone should have the chance to learn and worship.

Ramanuja travelled from place to place, teaching people about kindness, devotion and equality. His ideas became an important part of Sri Vaishnavism and continue to inspire people even today.

Many centuries later, people wanted to remember his message in a very special way. So, near Muchintal on the outskirts of Hyderabad, they built the magnificent Statue of Equality.

The huge statue shows Ramanuja sitting peacefully on a giant lotus, supported by 36 elephants. Made using a special five-metal alloy called Panchaloha, it rises about 216 feet high and is one of the world's tallest sitting statues.

Around the statue are 108 model Divya Desams, representing important Vishnu temples. Inside the base is a smaller golden statue of Ramanuja, along with galleries, ancient texts and spaces where visitors can learn about his life and teachings.

The statue was inaugurated in 2022, nearly 1,000 years after Ramanuja's birth.

Today, when children stand before this giant teacher, they can remember his simple message: no matter who we are, we all deserve respect, love and equality","సమానత్వ విగ్రహం: అందరి కోసం మాట్లాడిన గురువు

చాలా కాలం క్రితం, 1,000 సంవత్సరాలకు పైగా క్రితం, రామానుజ అనే గొప్ప భారతీయ తత్వవేత్త మరియు గురువు జీవించారు. ప్రతి మనిషి సమానమేనని, ప్రతి ఒక్కరికీ విద్యను నేర్చుకునే మరియు దేవుడిని ఆరాధించే అవకాశం ఉండాలని ఆయన విశ్వసించారు.

రామానుజులు ఒక ప్రదేశం నుంచి మరో ప్రదేశానికి ప్రయాణిస్తూ, ప్రజలకు దయ, భక్తి మరియు సమానత్వం గురించి బోధించారు. ఆయన ఆలోచనలు శ్రీవైష్ణవ సంప్రదాయంలో ముఖ్యమైన భాగంగా మారాయి. అవి నేటికీ ఎంతోమందికి స్ఫూర్తినిస్తున్నాయి.

అనేక శతాబ్దాల తరువాత, ఆయన సమానత్వ సందేశాన్ని ఒక ప్రత్యేకమైన రీతిలో గుర్తు చేసుకోవాలని ప్రజలు భావించారు. అందుకే హైదరాబాద్ శివార్లలోని ముచ్చింతల్ సమీపంలో అద్భుతమైన సమానత్వ విగ్రహాన్ని నిర్మించారు.

ఈ భారీ విగ్రహంలో రామానుజులు ఒక పెద్ద కమలంపై ప్రశాంతంగా కూర్చున్నట్లు కనిపిస్తారు. ఆ కమలాన్ని 36 ఏనుగులు మోస్తున్నట్లు రూపొందించారు. పంచలోహం అనే ప్రత్యేకమైన ఐదు లోహాల మిశ్రమంతో నిర్మించిన ఈ విగ్రహం సుమారు 216 అడుగుల ఎత్తు ఉంటుంది. ఇది ప్రపంచంలోని అత్యంత ఎత్తైన కూర్చున్న విగ్రహాలలో ఒకటి.

విగ్రహం చుట్టూ 108 నమూనా దివ్య దేశాలు ఉన్నాయి. ఇవి విష్ణువుకు అంకితమైన ముఖ్యమైన ఆలయాలను ప్రతిబింబిస్తాయి. విగ్రహం పీఠం లోపల రామానుజుల చిన్న బంగారు విగ్రహం, వారి జీవితం మరియు బోధనలను తెలుసుకునేందుకు గ్యాలరీలు, పురాతన గ్రంథాలు మరియు ఇతర ప్రదేశాలు ఉన్నాయి.

ఈ విగ్రహాన్ని 2022లో ఆవిష్కరించారు. ఇది రామానుజుల జన్మించిన దాదాపు 1,000 సంవత్సరాల తరువాత నిర్మించబడింది.

ఈరోజు, పిల్లలు ఈ భారీ గురువు ముందు నిలబడినప్పుడు, ఆయన చెప్పిన సరళమైన సందేశాన్ని గుర్తు చేసుకోవచ్చు:

మనం ఎవరైనా సరే, ప్రతి ఒక్కరికీ గౌరవం, ప్రేమ మరియు సమానత్వం లభించాలి.",,"Ammapalli Sri Ramachandra Swamy Temple adds a quieter local-history, culture or nature experience near Statue of Equality."
Chilkur Balaji Temple,Telangana,Temple,"Popular Vishnu temple near Osman Sagar, widely known as the 'Visa Balaji' temple.",Devotees traditionally make 11 circumambulations for a wish and 108 after it is fulfilled.,"Chilkur Village, Gandipet Mandal, Rangareddy, Telangana 500075",https://encrypted-tbn0.gstatic.com/images?q=tbn:ANd9GcSruNuvKYYEneE5uttrIQmGMbztB04rZ0jv7h47q4T2jFcu1fAzlagS5O8&s=10,https://encrypted-tbn0.gstatic.com/images?q=tbn:ANd9GcTpQOjyxErPSm-duFsQQxowC01YkPXnTtym34j8z72fUA&s=10,Osman Sagar viewpoints,Local residents value these viewpoints for quieter lake sunsets; the reservoir itself is tied to Hyderabad's historic water-supply story.,"Chilkur Balaji Temple: The Temple of Wishes

Near the peaceful Osman Sagar Lake, on the outskirts of Hyderabad, stands an old temple dedicated to Lord Balaji. This is the famous Chilkur Balaji Temple, believed to be one of the oldest temples in the Hyderabad region.

The temple has a history going back several centuries and is traditionally associated with the time of Madanna and Akkanna, who were ministers during the Qutb Shahi period.

But Chilkur Balaji has a very special tradition.

When people visit, they walk around the temple 11 times while praying for a wish. If their wish comes true, they return and walk around the temple 108 times as a way of showing their gratitude.

Many people especially come here hoping for success in their visa applications, so the temple is lovingly nicknamed “Visa Balaji.”

There is something else unusual about this temple too. It has no hundi for collecting money, and it does not have special VIP entry. Everyone who comes to pray is treated alike.

So, Chilkur Balaji is more than just an old temple. It is a place where people come with hope in their hearts, a wish on their lips, and faith in their steps.","చిల్కూర్ బాలాజీ ఆలయం: కోరికలు తీర్చే దేవాలయం

ప్రశాంతమైన ఉస్మాన్ సాగర్ సరస్సు సమీపంలో, హైదరాబాద్ శివార్లలో శ్రీ బాలాజీకి అంకితమైన ఒక పురాతన ఆలయం ఉంది. ఇదే ప్రసిద్ధ చిల్కూర్ బాలాజీ ఆలయం. ఇది హైదరాబాద్ ప్రాంతంలోని పురాతన దేవాలయాలలో ఒకటిగా భావించబడుతుంది.

ఈ ఆలయ చరిత్ర అనేక శతాబ్దాల నాటిది. కుతుబ్ షాహీ కాలంలో మంత్రులుగా పనిచేసిన మాదన్న మరియు అక్కన్న కాలంతో ఈ ఆలయానికి సాంప్రదాయంగా సంబంధం ఉందని చెబుతారు.

అయితే చిల్కూర్ బాలాజీ ఆలయానికి ఒక ప్రత్యేకమైన సంప్రదాయం ఉంది.

భక్తులు తమ కోరిక నెరవేరాలని ప్రార్థిస్తూ ఆలయం చుట్టూ 11 ప్రదక్షిణలు చేస్తారు. తమ కోరిక నెరవేరిన తర్వాత తిరిగి ఆలయానికి వచ్చి, కృతజ్ఞతగా 108 ప్రదక్షిణలు చేస్తారు.

చాలామంది ముఖ్యంగా తమ వీసా దరఖాస్తులు విజయవంతం కావాలని ఆశిస్తూ ఇక్కడికి వస్తారు. అందుకే ఈ ఆలయాన్ని ప్రేమగా “వీసా బాలాజీ” అని కూడా పిలుస్తారు.

ఈ ఆలయంలో మరో ప్రత్యేకత కూడా ఉంది. ఇక్కడ హుండీ ఉండదు, అంటే భక్తుల నుంచి డబ్బును సేకరించే హుండీ వ్యవస్థ లేదు. అలాగే ప్రత్యేకమైన వీఐపీ దర్శనం కూడా ఉండదు. ప్రార్థించడానికి వచ్చే ప్రతి ఒక్కరినీ సమానంగా చూస్తారు.

అందుకే చిల్కూర్ బాలాజీ ఆలయం కేవలం ఒక పురాతన దేవాలయం మాత్రమే కాదు. ఇది హృదయంలో ఆశతో, పెదవులపై ఒక కోరికతో, అడుగుల్లో విశ్వాసంతో ప్రజలు వచ్చే ఒక పవిత్రమైన ప్రదేశం.",,"Osman Sagar viewpoints adds a quieter local-history, culture or nature experience near Chilkur Balaji Temple."
Yadadri Lakshmi Narasimha Temple,Telangana,Temple,Major hilltop Narasimha shrine at Yadadri and a major pilgrimage centre.,Temple tradition says Narasimha appeared here in multiple forms to a devotee connected with the hill.,"Yadadri Temple, Yadagirigutta, Yadadri Bhuvanagiri, Telangana 508115",https://encrypted-tbn0.gstatic.com/images?q=tbn:ANd9GcT4PqZKL5-zx5sm3h6dz89-ElqABP7qhxQzoKA3JcVfeJ4FUaAdAbxWs8Q&s=10,https://temple.yatradham.org/public/Product/temple/temple_Fk1IOXiZ_202408041546580.jpg,Surendrapuri Mythological Museum,"The museum turns stories from the Ramayana, Mahabharata and Puranas into large-scale visual scenes, making it a useful companion to Yadadri's temple mythology.","Yadadri Temple: The Five Forms of Narasimha

High on a beautiful hill called Yadagirigutta stands a special temple dedicated to Lord Narasimha, the powerful lion-man form of Lord Vishnu.

Long ago, a young sage named Yada came to this hill and began praying deeply to Lord Narasimha. Pleased with his devotion, Narasimha appeared before him not in just one form, but in five different forms: Jwala, Gandabherunda, Yogananda, Ugra and Lakshmi Narasimha.

Yada made a special request: “Please stay here so that people can come and pray to you.” According to the temple legend, Narasimha agreed, and the sacred forms remained inside a natural cave on the hill.

For centuries, pilgrims have climbed the hill to visit this holy place. The temple has followed the traditions of Vaishnavism and South Indian temple worship.

In recent years, the temple was beautifully rebuilt using stone and traditional architectural ideas, and the new temple was inaugurated in March 2022.

Today, Yadadri feels like a magical hill where an ancient story is still alive. As visitors enter the cave and see the sacred shrine, they can imagine the young sage Yada praying long ago and the powerful Narasimha appearing before him.","యాదాద్రి ఆలయం: నరసింహుని ఐదు రూపాలు

అందమైన యాదగిరిగుట్ట కొండపై ఉన్న ఒక ప్రత్యేకమైన ఆలయాన్ని ఊహించుకోండి. ఈ ఆలయం శ్రీమహావిష్ణువు యొక్క శక్తివంతమైన సింహం-మానవ రూపమైన శ్రీ నరసింహ స్వామికి అంకితం చేయబడింది.

చాలా కాలం క్రితం, యాద అనే ఒక యువ ఋషి ఈ కొండపైకి వచ్చి శ్రీ నరసింహ స్వామి కోసం ఎంతో భక్తితో తపస్సు చేయడం ప్రారంభించాడు. ఆయన భక్తికి ప్రసన్నుడైన నరసింహ స్వామి, యాదకు కేవలం ఒక రూపంలో కాకుండా ఐదు విభిన్న రూపాల్లో దర్శనమిచ్చాడని ఆలయ పురాణం చెబుతుంది. అవి జ్వాల, గండభేరుండ, యోగానంద, ఉగ్ర మరియు లక్ష్మీ నరసింహ రూపాలు.

యాద ఒక ప్రత్యేకమైన కోరిక కోరాడు:

“ప్రజలు ఇక్కడికి వచ్చి మిమ్మల్ని ప్రార్థించేందుకు, దయచేసి ఇక్కడే కొలువై ఉండండి.”

ఆలయ పురాణం ప్రకారం, నరసింహ స్వామి యాద కోరికను అంగీకరించాడు. ఆ పవిత్ర రూపాలు కొండపై ఉన్న సహజ గుహలో కొలువై ఉన్నాయని విశ్వసిస్తారు.

అనేక శతాబ్దాలుగా, భక్తులు ఈ పవిత్ర ప్రదేశాన్ని దర్శించడానికి కొండపైకి చేరుకుంటున్నారు. ఈ ఆలయంలో వైష్ణవ సంప్రదాయాలు మరియు దక్షిణ భారతీయ ఆలయ ఆరాధనా విధానాలు కొనసాగుతున్నాయి.

ఇటీవలి సంవత్సరాల్లో, ఆలయాన్ని రాతితో మరియు సంప్రదాయ నిర్మాణ శైలిని అనుసరించి ఎంతో అందంగా పునర్నిర్మించారు. కొత్త ఆలయాన్ని 2022 మార్చిలో ప్రారంభించారు.

ఈరోజు యాదాద్రి ఒక పురాతన కథ సజీవంగా ఉన్న అద్భుతమైన కొండలా అనిపిస్తుంది. సందర్శకులు గుహలోకి ప్రవేశించి పవిత్రమైన స్వామివారి సన్నిధిని దర్శించినప్పుడు, ఎన్నో సంవత్సరాల క్రితం యువ ఋషి యాద అక్కడ తపస్సు చేస్తూ ఉండటం, ఆయన ముందు శక్తివంతమైన నరసింహ స్వామి ప్రత్యక్షమైన దృశ్యాన్ని ఊహించుకోవచ్చు.",,"Surendrapuri Mythological Museum adds a quieter local-history, culture or nature experience near Yadadri Lakshmi Narasimha Temple."
Bhongir Fort,Telangana,Fort,Imposing medieval fort on a distinctive monolithic hill.,Local folklore describes the hill as protected by a guardian presence and the fort as naturally defended.,"Bhongir Fort Road, Bhuvanagiri, Telangana 508116",https://encrypted-tbn0.gstatic.com/images?q=tbn:ANd9GcRjB0c9inNwp6hXS9ncNaBuxoey3FwmXKJFSg16JaWoiGjnU2KqrmLjFvw&s=10,https://encrypted-tbn0.gstatic.com/images?q=tbn:ANd9GcSfqsgtKuIr69Hedv_PV44AKN9J_8zxSbtr9Ez9Gc_BPg&s=10,Bhuvanagiri Stepwell,The old water structure reflects the importance of stepwells and tanks in sustaining settlements around the Bhongir hill.,"Raigiri Stepwell: The Hidden Water Treasure

Imagine walking through a quiet village near Bhongir and suddenly discovering a staircase that goes deep into the earth. At the bottom lies an ancient pool of water. This is the Raigiri Stepwell, a hidden treasure of Telangana.

This stepwell is believed to be around 600 years old. Long ago, people in the Deccan had to carefully save water, especially during dry seasons. Stepwells like this were clever structures where people could walk down the steps to reach the water as its level changed.

For hundreds of years, the old stepwell quietly remained near Raigiri, close to Yadagirigutta and Bhongir Fort. Its stone steps remind us of the clever water-management skills of people who lived here long ago.

Over time, the stepwell became covered with dirt and forgotten. Later, local authorities cleaned and restored it, bringing its old beauty back to life.

Today, the Raigiri Stepwell is like a secret doorway into the past. When children walk down its ancient steps, they can imagine people from centuries ago coming here with pots, collecting precious water, and returning home.","రాయగిరి మెట్ల బావి: దాగి ఉన్న నీటి నిధి

భువనగిరి సమీపంలోని ఒక ప్రశాంతమైన గ్రామంలో నడుస్తున్నట్లు ఊహించుకోండి. అకస్మాత్తుగా భూమిలోకి లోతుగా వెళ్లే ఒక మెట్ల మార్గం మీకు కనిపిస్తుంది. ఆ మెట్ల చివరలో ఒక పురాతన నీటి కొలను ఉంటుంది. ఇదే రాయగిరి మెట్ల బావి — తెలంగాణలో దాగి ఉన్న ఒక అరుదైన నిధి.

ఈ మెట్ల బావి సుమారు 600 సంవత్సరాల నాటిదని భావిస్తారు. చాలా కాలం క్రితం, దక్కన్ ప్రాంతంలోని ప్రజలు నీటిని ఎంతో జాగ్రత్తగా సంరక్షించేవారు, ముఖ్యంగా ఎండాకాలంలో. నీటి మట్టం మారినప్పుడు కూడా ప్రజలు మెట్లపైకి కిందికి నడిచి వెళ్లి నీటిని చేరుకునేలా ఇలాంటి మెట్ల బావులను తెలివిగా నిర్మించేవారు.

వందల సంవత్సరాలుగా, యాదగిరిగుట్ట మరియు భువనగిరి కోటకు సమీపంలోని రాయగిరి ప్రాంతంలో ఈ పురాతన మెట్ల బావి నిశ్శబ్దంగా నిలిచి ఉంది. దాని రాతి మెట్లు, ఎన్నో శతాబ్దాల క్రితం ఇక్కడ నివసించిన ప్రజల తెలివైన నీటి నిర్వహణ నైపుణ్యాలను మనకు గుర్తుచేస్తాయి.

కాలక్రమేణా, ఈ మెట్ల బావి మట్టి మరియు చెత్తతో కప్పబడి మరుగునపడిపోయింది. తరువాత స్థానిక అధికారులు దీనిని శుభ్రం చేసి పునరుద్ధరించడంతో, దాని పాత అందం మళ్లీ వెలుగులోకి వచ్చింది.

ఈరోజు రాయగిరి మెట్ల బావి గతంలోకి తీసుకెళ్లే ఒక రహస్య ద్వారం లాంటిది. పిల్లలు దాని పురాతన మెట్లపై కిందికి నడుస్తున్నప్పుడు, ఎన్నో శతాబ్దాల క్రితం ప్రజలు కుండలు పట్టుకుని ఇక్కడికి వచ్చి, విలువైన నీటిని సేకరించి తమ ఇళ్లకు తిరిగి వెళ్తున్న దృశ్యాన్ని ఊహించుకోవచ్చు.",,"Bhuvanagiri Stepwell adds a quieter local-history, culture or nature experience near Bhongir Fort."
Thousand Pillar Temple,Telangana,Temple,"12th-century Kakatiya temple dedicated to Shiva, Vishnu and Surya, celebrated for stone carving.",Local tradition credits extraordinary Kakatiya craftsmanship and sacred geometry to the temple's design.,"Raganna Darwaja Road, Hanamkonda, Warangal, Telangana 506001",https://live.staticflickr.com/553/18765448873_a3e16297a8_b.jpg,https://s7ap1.scene7.com/is/image/incredibleindia/thousand-pillar-temple-warangal-telangana-1-attr-hero?qlt=82&ts=1726653531894,Padmakshi Temple,Local tradition connects the hill shrine with ancient goddess worship in Hanamkonda and with the religious landscape that preceded the Kakatiya capital.,"Padmakshi Temple: A Temple with Many Stories

Imagine climbing a quiet hill in Hanamkonda, where an ancient temple stands watching over the city. This is the Padmakshi Temple, one of the oldest temples in the region.

The story of this place goes back many centuries. Long ago, the hill had an old Shaivite cave shrine. Around 1117 CE, during the time of the Kakatiyas, a Jain shrine was built here. For some time, people of different traditions worshipped at this sacred place.

Later, the shrine became a Hindu temple dedicated to Goddess Padmakshi, associated with Lakshmi. But the old Jain story did not disappear the temple still has beautiful Jain carvings and images of Tirthankaras hidden among its ancient stones.

One of its most interesting treasures is the Annakonda Pillar, a large black-granite pillar with four carved faces standing near the entrance.

Every year, during Bathukamma, thousands of women gather here with colourful flower arrangements, filling the temple surroundings with music, flowers and celebration.

So, Padmakshi Temple is like an old storybook made of stone where Shaivite, Jain and Hindu traditions have left their marks across centuries.","పద్మాక్షి ఆలయం: ఎన్నో కథలు చెప్పే దేవాలయం

హనుమకొండలోని ఒక ప్రశాంతమైన కొండపైకి ఎక్కుతున్నట్లు ఊహించుకోండి. అక్కడ నగరాన్ని చూస్తూ ఒక పురాతన ఆలయం నిలిచి ఉంటుంది. ఇదే పద్మాక్షి ఆలయం — ఈ ప్రాంతంలోని అత్యంత పురాతన దేవాలయాలలో ఒకటి.

ఈ ప్రదేశం కథ అనేక శతాబ్దాల క్రితం ప్రారంభమైంది. చాలా కాలం క్రితం, ఈ కొండపై ఒక పురాతన శైవ గుహా ఆలయం ఉండేది. సుమారు క్రీ.శ. 1117లో, కాకతీయుల కాలంలో ఇక్కడ ఒక జైన ఆలయం నిర్మించబడింది. కొంతకాలం పాటు, విభిన్న సంప్రదాయాలకు చెందిన ప్రజలు ఈ పవిత్ర ప్రదేశంలో తమ దేవతలను ఆరాధించేవారు.

తరువాత, ఈ ఆలయం లక్ష్మీదేవితో అనుబంధం ఉన్న పద్మాక్షి దేవికి అంకితమైన హిందూ ఆలయంగా మారింది. అయితే, దాని పాత జైన చరిత్ర మాత్రం కనుమరుగుకాలేదు. ఆలయంలోని పురాతన రాళ్ల మధ్య ఇప్పటికీ అందమైన జైన శిల్పాలు మరియు తీర్థంకరుల విగ్రహాలు కనిపిస్తాయి.

ఈ ఆలయంలోని అత్యంత ఆసక్తికరమైన కళాఖండాలలో ఒకటి అన్నకొండ స్తంభం. ఇది పెద్ద నల్లటి గ్రానైట్ రాతితో తయారైన స్తంభం. దాని నాలుగు వైపులా అందమైన శిల్పాలు చెక్కబడి ఉన్నాయి. ఇది ఆలయ ప్రవేశ ద్వారం సమీపంలో కనిపిస్తుంది.

ప్రతి సంవత్సరం బతుకమ్మ పండుగ సమయంలో, వేలాది మంది మహిళలు రంగురంగుల పూలతో ఇక్కడికి చేరుకుంటారు. పూలతో అలంకరించిన బతుకమ్మలు, పాటలు మరియు పండుగ సంబరాలతో ఆలయ పరిసరాలు ఎంతో అందంగా మారుతాయి.

అందుకే పద్మాక్షి ఆలయం రాతితో నిర్మించిన ఒక పురాతన కథల పుస్తకం లాంటిది. శైవ, జైన మరియు హిందూ సంప్రదాయాలు అనేక శతాబ్దాలుగా తమ గుర్తులను ఈ పవిత్ర ప్రదేశంలో留下ించాయి.",,"Padmakshi Temple adds a quieter local-history, culture or nature experience near Thousand Pillar Temple."
Warangal Fort,Telangana,Fort,"Kakatiya-era fort famous for monumental gateways, concentric fortifications and sculpture.",The fort is remembered in local lore as a symbol of Kakatiya power and Rani Rudrama Devi's reign.,"Warangal Fort Road, Warangal, Telangana 506001",https://s7ap1.scene7.com/is/image/incredibleindia/warangal-fort-warangal-telangana-1-attr-hero?qlt=82&ts=1726653479730,https://encrypted-tbn0.gstatic.com/images?q=tbn:ANd9GcS5T22UiYBqVDn-zRTuonKtUXsfFDU-8P_JE6QiITIpAkgSlkaIxZgjCYUh&s=10,Khush Mahal,The structure is associated with the later history of Warangal Fort and survives as a quieter reminder of the site's changing rulers.,"Warangal Fort: The Stone Kingdom

Long ago, in the land of the Kakatiyas, there stood a mighty city called Orugallu, which means “one great stone.” This was the ancient city we now know as Warangal.

The Kakatiya rulers built a grand fort here, with strong stone walls, deep moats and four magnificent gateways called the Kakatiya Kala Thoranams. Queen Rudrama Devi and her successors helped strengthen and expand the fort.

Imagine being a child living in the city long ago walking through the giant gateways, seeing beautiful temples, busy markets and soldiers guarding the walls!

But the fort also faced many battles. In the early 14th century, armies from the Delhi Sultanate attacked Warangal several times. After years of fighting, the great Kakatiya kingdom finally fell, and much of the city was destroyed.

Yet the stone gateways survived.

Today, the Kakatiya Kala Thoranam stands proudly as a symbol of Telangana. When you walk among the ruins of Warangal Fort, you can almost hear the footsteps of ancient kings, warriors and ordinary people who once lived inside this magnificent stone kingdom.","వరంగల్ కోట: రాతి సామ్రాజ్యం

చాలా కాలం క్రితం, కాకతీయుల రాజ్యంలో ఒరుగల్లు అనే ఒక గొప్ప నగరం ఉండేది. “ఒరుగల్లు” అంటే “ఒకే పెద్ద రాయి” అని అర్థం. ఇదే మనం ఇప్పుడు వరంగల్ అని పిలిచే పురాతన నగరం.

కాకతీయ పాలకులు ఇక్కడ ఒక అద్భుతమైన కోటను నిర్మించారు. బలమైన రాతి గోడలు, లోతైన కందకాలు మరియు కాకతీయ కళా తోరణాలు అని పిలిచే నాలుగు గొప్ప ప్రవేశ ద్వారాలతో ఈ కోట ఎంతో వైభవంగా ఉండేది. రాణి రుద్రమదేవి మరియు ఆమె తరువాతి పాలకులు కోటను మరింత బలోపేతం చేసి విస్తరించారు.

చాలా కాలం క్రితం ఈ నగరంలో ఒక చిన్నారి జీవిస్తున్నట్లు ఊహించుకోండి. అతను ఆ భారీ తోరణాల గుండా నడుస్తూ, అందమైన దేవాలయాలను, సందడిగా ఉండే మార్కెట్లను చూస్తూ, కోట గోడలకు కాపలా కాస్తున్న సైనికులను గమనిస్తున్నట్లు ఊహించుకోండి!

కానీ ఈ కోట కూడా ఎన్నో యుద్ధాలను ఎదుర్కొంది. 14వ శతాబ్దం ప్రారంభంలో, ఢిల్లీ సుల్తానేట్‌కు చెందిన సైన్యాలు వరంగల్‌పై అనేకసార్లు దాడి చేశాయి. ఎన్నో సంవత్సరాల పోరాటాల తరువాత, గొప్ప కాకతీయ రాజ్యం చివరకు పతనమైంది. నగరంలోని చాలా ప్రాంతాలు ధ్వంసమయ్యాయి.

అయినా, ఆ రాతి తోరణాలు మాత్రం నిలిచిపోయాయి.

ఈరోజు కాకతీయ కళా తోరణం తెలంగాణకు ఒక గర్వకారణమైన చిహ్నంగా నిలిచింది. వరంగల్ కోట శిథిలాల మధ్య నడుస్తున్నప్పుడు, ఒకప్పుడు ఈ అద్భుతమైన రాతి సామ్రాజ్యంలో జీవించిన పురాతన రాజులు, యోధులు మరియు సామాన్య ప్రజల అడుగుల చప్పుడు ఇప్పటికీ వినిపిస్తున్నట్లు అనిపిస్తుంది.",,"Khush Mahal adds a quieter local-history, culture or nature experience near Warangal Fort."
Ramappa Temple,Telangana,Temple,UNESCO World Heritage Kakatiya temple known for detailed sculpture and lightweight architectural techniques.,"Local tradition says the temple was named for its architect Ramappa, an unusual honour in temple naming.","Ramappa Temple Road, Palampet, Mulugu, Telangana 506345",https://encrypted-tbn0.gstatic.com/images?q=tbn:ANd9GcQrKh1zgerYJtD56PtU9ICq4y4RxCTlaZbh205g-a0x1gewvqU7rXoZh_8y&s=10,https://blog.yatradham.org/wp-content/uploads/2021/07/UNESCO-Ramappa-Temple-3-1.jpg,Ramappa Lake,The lake is part of the same historic water landscape as the temple and is valued for its rural setting and birdlife.,"Ramappa Lake: The Kakatiya Water Treasure

Long ago, around 1213 CE, during the time of the great Kakatiya ruler Ganapati Deva, a clever general and minister named Recherla Rudra built a huge lake near Palampet. This became known as Ramappa Lake.

But this was no ordinary lake. The Kakatiyas were excellent at saving water. They built many large reservoirs, called cheruvus, to collect precious monsoon rainwater and use it throughout the year.

Ramappa Lake became an important part of this clever water network. For more than 700 years, its water has helped farmers grow crops in the surrounding villages.

Imagine the Kakatiya builders standing beside the lake centuries ago, watching the first monsoon rains fill their great reservoir. Their clever idea still helps people today!

The lake is also home to many birds. In 2024, 126 species of birds were recorded here, including both resident and migratory birds.

Today, Ramappa Lake is more than just an old reservoir. It is a beautiful reminder of the Kakatiyas' engineering skills and their wisdom in protecting water for future generations.","రామప్ప చెరువు: కాకతీయుల నీటి నిధి

చాలా కాలం క్రితం, సుమారు క్రీ.శ. 1213లో, గొప్ప కాకతీయ పాలకుడు గణపతిదేవుడు పాలిస్తున్న సమయంలో, తెలివైన సేనాధిపతి మరియు మంత్రి రేచర్ల రుద్రుడు పాలంపేట సమీపంలో ఒక భారీ చెరువును నిర్మించాడు. ఇదే తరువాత రామప్ప చెరువుగా ప్రసిద్ధి చెందింది.

అయితే ఇది సాధారణమైన చెరువు కాదు. కాకతీయులు నీటిని సంరక్షించడంలో ఎంతో నైపుణ్యం కలిగి ఉండేవారు. వర్షాకాలంలో కురిసే విలువైన వర్షపు నీటిని నిల్వ చేసి, ఏడాది పొడవునా ఉపయోగించేందుకు వారు చెరువులు అని పిలువబడే అనేక పెద్ద నీటి వనరులను నిర్మించారు.

రామప్ప చెరువు కూడా ఈ తెలివైన నీటి నిర్వహణ వ్యవస్థలో ఒక ముఖ్యమైన భాగంగా మారింది. 700 సంవత్సరాలకు పైగా, దీని నీరు చుట్టుపక్కల గ్రామాల్లోని రైతులకు పంటలు పండించేందుకు సహాయపడుతోంది.

శతాబ్దాల క్రితం కాకతీయ నిర్మాణకారులు ఈ చెరువు ఒడ్డున నిలబడి, మొదటి వర్షాకాల వానలు తమ భారీ నీటి నిల్వను నింపడాన్ని చూస్తున్న దృశ్యాన్ని ఊహించుకోండి. వారి తెలివైన ఆలోచన నేటికీ ప్రజలకు ఉపయోగపడుతోంది!

ఈ చెరువు అనేక రకాల పక్షులకు కూడా నిలయంగా ఉంది. 2024లో ఇక్కడ 126 రకాల పక్షి జాతులను గుర్తించారు. వీటిలో స్థానికంగా నివసించే పక్షులతో పాటు, వలస వచ్చే పక్షులు కూడా ఉన్నాయి.

ఈరోజు రామప్ప చెరువు కేవలం ఒక పురాతన నీటి నిల్వ మాత్రమే కాదు. ఇది కాకతీయుల ఇంజినీరింగ్ నైపుణ్యానికి, నీటి సంరక్షణపై వారి దూరదృష్టికి మరియు భవిష్యత్ తరాల కోసం నీటిని కాపాడాలనే వారి జ్ఞానానికి ఒక అందమైన గుర్తుగా నిలిచింది.",,"Ramappa Lake adds a quieter local-history, culture or nature experience near Ramappa Temple."
Laknavaram Lake,Telangana,Lake,"Scenic reservoir among forested hills, known for its suspension bridge and boating.",The surrounding landscape preserves oral traditions about Kakatiya water management and forest communities.,"Laknavaram Village, Govindaraopet Mandal, Mulugu, Telangana 506344",https://alchetron.com/cdn/laknavaram-lake-15681562-16ba-49a6-8d2a-b03dfbf0563-resize-750.jpeg,https://encrypted-tbn0.gstatic.com/images?q=tbn:ANd9GcQWi32hXd7TxIBMqHh3tWIPS8RcypSbLKIifn_O7l_t9A&s=10,Medaram forest trails,"The forest paths around Medaram are tied to tribal sacred geography and oral traditions in which hills, streams and trees are part of the story.","Laknavaram Lake – The Kakatiyas’ Lake of Thirteen Islands

Long ago, in the 13th century, when the mighty Kakatiya kings ruled Telangana, they discovered a beautiful place surrounded by forests and hills.

The Kakatiyas built a great lake there, and over time it became known as Laknavaram Lake.

The lake grew so large that it spread across nearly 10,000 acres, holding an enormous amount of water. More importantly, its waters helped bring life to the surrounding land by irrigating more than 3,500 acres of farmland.

But Laknavaram had a magical surprise.

Inside the vast lake were about 13 beautiful islands, like little green worlds floating on the water. For centuries, the lake and its surrounding forests remained a peaceful meeting place for water and nature.

Today, visitors can explore this beautiful landscape and walk across a 160-metre-long hanging bridge that connects three of the islands. Imagine standing on the bridge, with water beneath your feet and thick green forests all around you!

What began as a Kakatiya-era lake became much more than a source of water. It became a place where history, forests, islands, and adventure came together.

So, if Laknavaram Lake were a storybook kingdom, its 13 islands would be tiny floating castles, its forests would be the kingdom’s guardians, and its hanging bridge would be the magical path connecting them all.

Laknavaram Lake — Where Kakatiya history floats among thirteen islands.
","లక్నవరం సరస్సు: కాకతీయుల పదమూడు ద్వీపాల సరస్సు

చాలా కాలం క్రితం, 13వ శతాబ్దంలో, శక్తివంతమైన కాకతీయ రాజులు తెలంగాణను పాలిస్తున్న సమయంలో, అడవులు మరియు కొండలతో చుట్టుముట్టిన ఒక అందమైన ప్రదేశాన్ని వారు కనుగొన్నారు.

అక్కడ కాకతీయులు ఒక భారీ సరస్సును నిర్మించారు. కాలక్రమేణా ఇది లక్నవరం సరస్సుగా ప్రసిద్ధి చెందింది.

ఈ సరస్సు క్రమంగా విస్తరించి దాదాపు 10,000 ఎకరాల విస్తీర్ణంలోకి చేరుకుంది. ఇందులో అపారమైన నీరు నిల్వ ఉండేది. అంతకంటే ముఖ్యంగా, ఈ నీటితో చుట్టుపక్కల ప్రాంతాల్లోని 3,500 ఎకరాలకు పైగా వ్యవసాయ భూములకు సాగునీరు అందేది.

కానీ లక్నవరం సరస్సు ఒక అద్భుతమైన రహస్యాన్ని దాచుకుంది.

విశాలమైన సరస్సు మధ్యలో సుమారు 13 అందమైన ద్వీపాలు ఉన్నాయి. నీటిపై తేలుతున్న చిన్న పచ్చని ప్రపంచాల్లా అవి కనిపిస్తాయి. అనేక శతాబ్దాలుగా ఈ సరస్సు మరియు దాని చుట్టూ ఉన్న అడవులు నీరు మరియు ప్రకృతి కలిసే ప్రశాంతమైన ప్రదేశంగా నిలిచాయి.

ఈరోజు సందర్శకులు ఈ అందమైన ప్రకృతి దృశ్యాన్ని ఆస్వాదించవచ్చు. మూడు ద్వీపాలను కలిపే సుమారు 160 మీటర్ల పొడవైన వేలాడే వంతెనపై నడవవచ్చు. మీ కాళ్ల కింద నీరు, చుట్టూ దట్టమైన పచ్చని అడవులు ఉన్నప్పుడు ఆ వంతెనపై నిలబడి ఉన్న అనుభూతిని ఊహించుకోండి!

కాకతీయుల కాలంలో నిర్మించబడిన ఈ సరస్సు కేవలం నీటి వనరుగా మాత్రమే మిగిలిపోలేదు. ఇది చరిత్ర, అడవులు, ద్వీపాలు మరియు సాహసాన్ని ఒకే చోట కలిపే అద్భుతమైన ప్రదేశంగా మారింది.

లక్నవరం సరస్సును ఒక కథల పుస్తకంలోని రాజ్యంగా ఊహించుకుంటే, దాని 13 ద్వీపాలు నీటిపై తేలియాడే చిన్న కోటలు, దాని అడవులు ఆ రాజ్యానికి కాపలాదారులు, వాటన్నింటినీ కలిపే వేలాడే వంతెన ఒక మాయా మార్గం లాంటిది.

లక్నవరం సరస్సు — పదమూడు ద్వీపాల మధ్య తేలియాడే కాకతీయుల చరిత్ర.",,"Medaram forest trails adds a quieter local-history, culture or nature experience near Laknavaram Lake."
Pakhal Lake,Telangana,Lake,Large Kakatiya-era reservoir surrounded by forest and wildlife habitat.,The lake is associated with the Kakatiya tradition of building tanks as both infrastructure and landscape features.,"Pakhal Lake, Khanapur Mandal, Warangal, Telangana 506132",https://warangaltourism.in/images/v2/places-to-visit/pakhal-lake-and-wildlife-sanctuary-warangal-tourism-header.jpg,https://encrypted-tbn0.gstatic.com/images?q=tbn:ANd9GcQJ-a8I7N0IDsANVUkEhSIjnYNWGGYA_x--Ni235Z2aVQ&s=10,Pakhal Wildlife Sanctuary viewpoints,"The forest-edge viewpoints reveal the intimate relationship between the Kakatiya tank, woodland and wildlife that defines this landscape.","Pakhal Lake – The Kakatiya King’s Gift of Water

Long ago, in the year 1213 AD, when the mighty Kakatiya kingdom ruled parts of Telangana, King Ganapati Deva looked across his kingdom and thought about his people.

Farmers needed water for their fields, especially when the rains were not enough. So the king came up with a wonderful idea: “Let us create a great lake that can store water and help our farmers.”

The king ordered a skilled leader named Jagadhala Mummudi Nayudu to build the lake. Soon, people began working together, shaping the land and creating a vast reservoir on a tributary of the Krishna River.

And so, Pakhal Lake as born.

The lake spread across nearly 30 square kilometres, becoming an important source of water for irrigation. But nature had another surprise waiting for it.

Over the years, forests and wildlife flourished around the lake. Today, the lake lies within the beautiful Pakhal Wildlife Sanctuary, which covers about 900 square kilometres.

What was once built mainly to help farmers became a peaceful place where water, forests, and wildlife live together. Visitors now come to Pakhal to enjoy the calm waters, green surroundings, and beautiful scenery.

So, if Pakhal Lake could speak, it might say:

“I was built by a king for his people, but nature turned me into a home for many more.”

Pakhal Lake — Where a Kakatiya king’s vision became a timeless gift of water and nature.
","పాకాల సరస్సు: కాకతీయ రాజు అందించిన నీటి కానుక

చాలా కాలం క్రితం, క్రీ.శ. 1213లో, శక్తివంతమైన కాకతీయ రాజ్యం తెలంగాణలోని కొన్ని ప్రాంతాలను పాలిస్తున్న సమయంలో, రాజు గణపతిదేవుడు తన రాజ్యాన్ని పరిశీలిస్తూ ప్రజల గురించి ఆలోచించాడు.

రైతులకు తమ పొలాలకు నీరు అవసరం. ముఖ్యంగా వర్షాలు సరిపడా కురవని సమయంలో ఈ అవసరం మరింత ఎక్కువగా ఉండేది. అందుకే రాజు ఒక మంచి ఆలోచన చేశాడు:

“నీటిని నిల్వ చేసి మన రైతులకు ఉపయోగపడేలా ఒక పెద్ద సరస్సును నిర్మిద్దాం.”

రాజు జగదల ముమ్మడి నాయుడు అనే నైపుణ్యం కలిగిన నాయకుడిని సరస్సును నిర్మించమని ఆదేశించాడు. వెంటనే ప్రజలు కలిసి పనిచేయడం ప్రారంభించారు. భూమిని చదును చేసి, కృష్ణా నదికి చెందిన ఒక ఉపనదిపై ఒక భారీ నీటి నిల్వను నిర్మించారు.

అలా పాకాల సరస్సు ఏర్పడింది.

ఈ సరస్సు దాదాపు 30 చదరపు కిలోమీటర్ల విస్తీర్ణంలో విస్తరించి, సాగునీటికి ఒక ముఖ్యమైన నీటి వనరుగా మారింది. అయితే ప్రకృతి దీనికి మరో అద్భుతమైన బహుమతిని అందించింది.

కాలక్రమేణా, సరస్సు చుట్టూ అడవులు మరియు వన్యప్రాణులు అభివృద్ధి చెందాయి. ఈరోజు ఈ సరస్సు సుమారు 900 చదరపు కిలోమీటర్ల విస్తీర్ణంలో ఉన్న పాకాల వన్యప్రాణుల అభయారణ్యం పరిధిలో ఉంది.

ఒకప్పుడు ప్రధానంగా రైతులకు సహాయం చేయడానికి నిర్మించబడిన ఈ సరస్సు, కాలక్రమేణా నీరు, అడవులు మరియు వన్యప్రాణులు కలిసి జీవించే ప్రశాంతమైన ప్రదేశంగా మారింది. ఈరోజు సందర్శకులు ప్రశాంతమైన నీటిని, పచ్చని పరిసరాలను మరియు అందమైన ప్రకృతి దృశ్యాలను ఆస్వాదించడానికి పాకాలకు వస్తారు.

పాకాల సరస్సు మాట్లాడగలిగితే, బహుశా ఇలా చెప్పేదేమో:

“నన్ను ఒక రాజు తన ప్రజల కోసం నిర్మించాడు. కానీ ప్రకృతి నన్ను మరెన్నో జీవులకు ఒక నివాసంగా మార్చింది.”

పాకాల సరస్సు — కాకతీయ రాజు దూరదృష్టి నీరు మరియు ప్రకృతికి శాశ్వతమైన కానుకగా మారిన ప్రదేశం.",,"Pakhal Wildlife Sanctuary viewpoints adds a quieter local-history, culture or nature experience near Pakhal Lake."
Bogatha Waterfall,Telangana,Waterfall,"Broad seasonal waterfall in Mulugu district, often called the Niagara of Telangana.",Local tribal oral traditions treat the waterfall and surrounding forest as a living landscape with protective spirits.,"Bogatha Waterfall, Koyaveepur, Wazeedu Mandal, Mulugu, Telangana",https://blogger.googleusercontent.com/img/b/R29vZ2xl/AVvXsEjIUSAEkihqAPE1g_hSjKymmcDwthJvTTMu1OlKdD0dIqmqnTAb7xP0bMyogn8c_MJKiLwMFwassEMxobCst7FegLwq1lkmIPhH3war93ZIDwJTFW12qxxyVKy5Yv084qXkNu6MHJZsp1c/s320-rw/bogotha_waterfalls.jpg,https://encrypted-tbn0.gstatic.com/images?q=tbn:ANd9GcSnCH7yM8Vvfblg1hLK05EsGiraMwi9nuugHl58HYMcga0l2mfmxQtutxo&s=10,Tadwai forest villages,"The villages preserve local knowledge of forest plants, seasonal streams and sacred landscapes that visitors rarely encounter on the main waterfall route.","Bogatha Waterfall – The Telangana Niagara

Deep inside the green forests of Mulugu, Telangana, a little stream called the Cheekupally stream begins a magical journey.

As the stream travels through the forest, it suddenly reaches the edge of the rocks and leaps down in a great rush of sparkling water. This beautiful waterfall is called Bogatha Waterfall.

People often call Bogatha the Telangana Niagara” because of its grand appearance and powerful flow.

Imagine walking through the forest, hearing the sound of rushing water getting louder and louder. After a short trek, the trees open up—and there it is: a magnificent waterfall surrounded by green hills and rocks.

Bogatha is special because water flows here throughout the year. But after the monsoon, especially from June to November, the waterfall becomes even more spectacular as the streams carry plenty of rainwater.

There are no roads all the way to the waterfall, so visitors must walk through nature to reach it. Today, a well-maintained park and viewing tower also help visitors enjoy the beautiful scenery around the falls.

So, if Bogatha were a character in a story, it would be a playful giant hiding inside the forest, waiting for adventurous explorers to follow the sound of rushing water and discover its secret.

Bogatha Waterfall — where the forest whispers, the rocks sing, and the water dances.
","బొగత జలపాతం: తెలంగాణ నయాగరా

తెలంగాణలోని ములుగు జిల్లాలో ఉన్న పచ్చని అడవుల లోతుల్లో, చీకుపల్లి వాగు అనే చిన్న నీటి ప్రవాహం ఒక అద్భుతమైన ప్రయాణాన్ని ప్రారంభిస్తుంది.

ఆ వాగు అడవుల గుండా ప్రవహిస్తూ, ఒక్కసారిగా రాళ్ల అంచుకు చేరుకుని, మెరిసే నీటిని పెద్ద ప్రవాహంలా కిందికి దూకిస్తుంది. ఈ అందమైన జలపాతాన్నే బొగత జలపాతం అని పిలుస్తారు.

దాని వైభవమైన రూపం మరియు శక్తివంతమైన నీటి ప్రవాహం కారణంగా ప్రజలు బొగత జలపాతాన్ని తరచుగా “తెలంగాణ నయాగరా” అని పిలుస్తారు.

అడవిలో నడుస్తున్నప్పుడు, దూరంగా ప్రవహించే నీటి శబ్దం క్రమంగా మరింత పెద్దగా వినిపిస్తున్నట్లు ఊహించుకోండి. కొద్దిసేపు నడిచిన తరువాత, చెట్లు పక్కకు తొలగిపోతాయి — అక్కడ పచ్చని కొండలు మరియు రాళ్ల మధ్య ఒక అద్భుతమైన జలపాతం మీ ముందుకు వస్తుంది.

బొగత జలపాతానికి మరో ప్రత్యేకత ఉంది. ఇక్కడ ఏడాది పొడవునా నీటి ప్రవాహం కనిపిస్తుంది. అయితే వర్షాకాలం తరువాత, ముఖ్యంగా జూన్ నుంచి నవంబర్ వరకు, వాగుల్లోకి అధికంగా వర్షపు నీరు చేరడంతో జలపాతం మరింత ఉధృతంగా మరియు అద్భుతంగా కనిపిస్తుంది.

జలపాతం వరకు పూర్తిగా రహదారి ఉండదు. అందువల్ల సందర్శకులు కొంత దూరం ప్రకృతి మధ్య నడుచుకుంటూ వెళ్లాలి. ప్రస్తుతం సందర్శకులు జలపాతం అందాలను ఆస్వాదించేందుకు అక్కడ చక్కగా నిర్వహించబడుతున్న పార్క్ మరియు వీక్షణ గోపురం కూడా ఉన్నాయి.

బొగత జలపాతం ఒక కథలోని పాత్ర అయితే, అది అడవిలో దాగి ఉండే చిలిపి రాక్షసుడిలా ఉంటుంది. సాహసాన్ని ఇష్టపడే అన్వేషకులు నీటి ప్రవాహం శబ్దాన్ని అనుసరిస్తూ వచ్చినప్పుడు, వారికి తన అందమైన రహస్యాన్ని చూపించడానికి ఎదురుచూస్తూ ఉంటుంది.

బొగత జలపాతం — అడవి గుసగుసలాడే చోట, రాళ్లు పాడే చోట, నీరు నాట్యం చేసే చోటు.",,"Tadwai forest villages adds a quieter local-history, culture or nature experience near Bogatha Waterfall."
Medaram Sammakka Sarakka Shrine,Telangana,Tribal Heritage / Shrine,Sacred forest pilgrimage centre famous for the Sammakka-Saralamma Jatara.,The central legend tells of Sammakka resisting oppressive rulers and becoming a revered mother-figure after disappearing into the forest.,"Medaram, Tadvai Mandal, Mulugu, Telangana 506344",https://indiacinehub.gov.in/sites/default/files/styles/flexslider_full/public/2024-07/sri-sammakka-saralamma-jatara-medaram.jpg?itok=KHvTIezR,https://indiacinehub.gov.in/sites/default/files/styles/flexslider_full/public/2024-07/sri-sammakka-saralamma-jatara-medaram.jpg?itok=KHvTIezR,Jampanna Vagu,"The stream is central to Sammakka-Saralamma pilgrimage lore and is associated with Jampanna, a figure in the festival's heroic oral tradition.","Sammakka Saralamma Jatara – Where Courage Lives in Every Celebration

Deep in the forests of Medaram, Telangana, there is a special celebration where an ancient tribal story comes alive  the Sammakka Saralamma Jatara.

Long ago, the Koya people began honouring Sammakka and Saralamma as powerful tribal goddesses. Their story became a symbol of courage, devotion, and the strength of the people.

Every few years, thousands of people travel to Medaram to celebrate the Jatara. The Koya priests perform the traditional rituals according to their customs, keeping the ancient traditions alive.

One of the most beautiful traditions is the offering of bellam, or jaggery, to the goddesses. Devotees bring large quantities of jaggery as an offering, calling it Bangaram, meaning gold.

What was once a gathering of mainly Koya people has grown into one of the largest tribal festivals, attracting millions of devotees from different places.

Today, the Medaram Jatara is more than a festival. It is a living story of tribal heritage, faith, courage, and unity, where an ancient tradition continues to bring people together in the heart of the forest.
","సమ్మక్క సారలమ్మ జాతర: ప్రతి వేడుకలోనూ కనిపించే ధైర్యం

తెలంగాణలోని మేడారం పచ్చని అడవుల మధ్య, ఒక పురాతన గిరిజన కథకు ప్రాణం పోసే ఒక ప్రత్యేకమైన వేడుక జరుగుతుంది. అదే సమ్మక్క సారలమ్మ జాతర.

చాలా కాలం క్రితం, కోయ ప్రజలు సమ్మక్క మరియు సారలమ్మలను శక్తివంతమైన గిరిజన దేవతలుగా గౌరవిస్తూ పూజించడం ప్రారంభించారు. వారి కథ ధైర్యం, భక్తి మరియు ప్రజల ఐక్యతకు ప్రతీకగా మారింది.

ప్రతి కొన్ని సంవత్సరాలకు ఒకసారి, జాతరను జరుపుకోవడానికి వేలాది మంది భక్తులు మేడారం చేరుకుంటారు. కోయ పూజారులు తమ సంప్రదాయాలు మరియు ఆచారాల ప్రకారం ప్రత్యేక పూజలు, కార్యక్రమాలను నిర్వహిస్తూ ఈ పురాతన సంప్రదాయాలను కొనసాగిస్తున్నారు.

ఈ జాతరలో అత్యంత ప్రత్యేకమైన సంప్రదాయాలలో ఒకటి బెల్లం సమర్పించడం. భక్తులు దేవతలకు పెద్ద మొత్తంలో బెల్లాన్ని నైవేద్యంగా సమర్పిస్తారు. దీనిని “బంగారం” అని పిలుస్తారు, అంటే బంగారంతో సమానమైన విలువైన కానుక అని అర్థం.

ఒకప్పుడు ప్రధానంగా కోయ ప్రజలతో మాత్రమే జరిగే ఈ వేడుక, కాలక్రమేణా అతిపెద్ద గిరిజన పండుగలలో ఒకటిగా మారింది. వివిధ ప్రాంతాల నుంచి లక్షలాది మంది భక్తులు ఈ జాతరకు తరలివస్తారు.

ఈరోజు మేడారం జాతర కేవలం ఒక పండుగ మాత్రమే కాదు. ఇది గిరిజన వారసత్వం, విశ్వాసం, ధైర్యం మరియు ఐక్యతకు సజీవ ప్రతీక. అడవుల నడుమ ప్రారంభమైన ఒక పురాతన సంప్రదాయం, నేటికీ లక్షలాది మందిని ఒకచోట చేర్చి తన కథను కొనసాగిస్తోంది.",,"Jampanna Vagu adds a quieter local-history, culture or nature experience near Medaram Sammakka Sarakka Shrine."
Bhadrachalam Sri Sita Ramachandra Swamy Temple,Telangana,Temple,Major Rama temple on the Godavari and a major pilgrimage destination.,"Temple tradition centres on Bhakta Ramadasu, whose devotion and imprisonment are woven into the temple's history.","Temple Road, Bhadrachalam, Bhadradri Kothagudem, Telangana 507111",https://encrypted-tbn0.gstatic.com/images?q=tbn:ANd9GcSM44n81cU50NhXx31Q9z4wzzOgyxr-BqhLjKY5oRzOzw&s=10,https://encrypted-tbn0.gstatic.com/images?q=tbn:ANd9GcQkmdUKfBt9JFD0uPdz_NIP6tP2R5MqdTejbEDifXYzmHO_24jfe3VkEhWC&s=10,Parnashala,"Local tradition identifies the area with Rama's forest exile and the episode involving Sita and Ravana, making it one of the most story-rich stops near Bhadrachalam.","Bhadrachalam Temple – The Sacred Story of Rama and Ramadasu
Long ago, beside the peaceful Godavari River, there lived a man named Kancherla Gopanna. He was appointed as a revenue officer in Bhadrachalam during the rule of the Golconda Sultan.

Gopanna was deeply devoted to Lord Rama. When he saw the temple in a poor condition, he decided to restore it. According to tradition, he used some of the collected revenue for the temple and planned to repay the amount through donations. The temple was completed in the second half of the 17th century.

When the Sultan learned about the money, Gopanna was imprisoned and given twelve years to repay it. Then came the most famous part of the story. According to legend, Lord Rama and Lakshmana appeared in the Sultan's dream and repaid the amount with gold coins called Rama Madas. When the Sultan woke up, he found the gold coins and released Gopanna.

From then on, Gopanna became popularly known as Bhakta Ramadasu, the devoted servant of Rama.

Today, Bhadrachalam Temple continues to welcome devotees. Children especially visit for Akshara Abhyasam, where they write their first letters and begin their journey of learning.

And so, beside the Godavari, Bhadrachalam continues to tell a story of devotion, courage, faith, and the enduring love of a devotee for Lord Rama.
","భద్రాచలం ఆలయం: రాముడు మరియు రామదాసు పవిత్ర కథ

చాలా కాలం క్రితం, ప్రశాంతంగా ప్రవహించే గోదావరి నది ఒడ్డున కంచెర్ల గోపన్న అనే వ్యక్తి జీవించేవారు. గోల్కొండ సుల్తాన్ పాలనలో ఆయనను భద్రాచలంలో రెవెన్యూ అధికారిగా నియమించారు.

గోపన్నకు శ్రీరాముడిపై అపారమైన భక్తి ఉండేది. ఆలయం సరైన స్థితిలో లేకపోవడాన్ని చూసి, దానిని పునరుద్ధరించాలని ఆయన నిర్ణయించుకున్నారు. సంప్రదాయ కథనం ప్రకారం, ఆలయ నిర్మాణం కోసం సేకరించిన కొంత పన్ను మొత్తాన్ని ఉపయోగించి, తరువాత భక్తుల విరాళాల ద్వారా ఆ మొత్తాన్ని తిరిగి చెల్లించాలని భావించారు. ఆలయ నిర్మాణం 17వ శతాబ్దం ద్వితీయార్థంలో పూర్తయింది.

ఈ విషయం సుల్తాన్‌కు తెలియడంతో, గోపన్నను జైలులో ఉంచి, ఆ మొత్తాన్ని తిరిగి చెల్లించడానికి పన్నెండు సంవత్సరాల సమయం ఇచ్చారని చెబుతారు.

ఆ తర్వాత ఈ కథలోని అత్యంత ప్రసిద్ధ ఘట్టం చోటుచేసుకుంది.

పురాణ కథనం ప్రకారం, ఒక రాత్రి శ్రీరాముడు మరియు లక్ష్మణుడు సుల్తాన్ కలలో కనిపించి, బంగారు నాణేలతో ఆ మొత్తాన్ని చెల్లించారు. ఆ నాణేలను “రామ మాడలు” అని పిలిచేవారు. ఉదయం నిద్రలేచిన సుల్తాన్‌కు నిజంగానే ఆ బంగారు నాణేలు కనిపించడంతో, గోపన్నను జైలు నుంచి విడుదల చేశారని చెబుతారు.

ఆ తరువాత గోపన్న **“భక్త రామదాసు”**గా ప్రసిద్ధి చెందారు — శ్రీరాముడికి అంకితమైన భక్తునిగా ఆయన పేరు చరిత్రలో నిలిచిపోయింది.

ఈరోజు కూడా భద్రాచలం ఆలయం భక్తులను ఆహ్వానిస్తూనే ఉంది. ముఖ్యంగా పిల్లలు ఇక్కడ అక్షరాభ్యాసం కోసం వస్తారు. ఈ సంప్రదాయంలో పిల్లలు తమ జీవితంలో మొదటిసారి అక్షరాలను రాసి, విద్యాభ్యాస ప్రయాణాన్ని ప్రారంభిస్తారు.

అలా గోదావరి నది ఒడ్డున ఉన్న భద్రాచలం, భక్తి, ధైర్యం, విశ్వాసం మరియు భక్తుడికి శ్రీరాముడిపై ఉన్న అచంచలమైన ప్రేమకు సంబంధించిన కథను నేటికీ కొనసాగిస్తోంది.",,"Parnashala adds a quieter local-history, culture or nature experience near Bhadrachalam Sri Sita Ramachandra Swamy Temple."
Kinnerasani Wildlife Sanctuary,Telangana,Wildlife,"Forest-and-reservoir landscape known for dry deciduous habitats, birds and wildlife.","Local forest traditions include stories of guardians, sacred groves and animal spirits.","Kinnerasani Wildlife Sanctuary, Paloncha Mandal, Bhadradri Kothagudem, Telangana",https://s7ap1.scene7.com/is/image/incredibleindia/kinnerasani-wildlife-sanctuary-khammam-telangana-2-attr-hero-1?qlt=82&ts=1751441950671,https://encrypted-tbn0.gstatic.com/images?q=tbn:ANd9GcRsN9IhGM9WoMSuD33jZKri5h5X7ZdDzIhK8O_-cdDLCA0biCMB0ZunlCLq&s=10,Kinnerasani Dam viewpoint,"The reservoir-edge viewpoint offers a quieter way to experience the forest landscape and the local stories of water, wildlife and village life.","Kinnerasani Wildlife Sanctuary – The Forest Kingdom Around the Lake

Deep in the green forests of Telangana, there is a magical place called Kinnerasani Wildlife Sanctuary.

Spread across more than 635 square kilometres, this vast forest is filled with dense trees, green scrub, and open meadows. But at the heart of this forest lies something special — the beautiful Kinnerasani Lake.

Imagine a giant blue mirror hidden inside a forest kingdom. In the middle of the lake are densely forested islands, making the whole landscape look like a secret world surrounded by water.

The forest belongs to the Eastern Highlands moist deciduous forests, where trees change with the seasons and the landscape shifts between thick woodland, scrub, and open grasslands.

For the people visiting today, Kinnerasani is not just a forest. It is a place where water and wilderness live side by side.

And if the lake could tell its own story, it might say:

“I have forests for my walls, islands for my castles, and water for my mirror.”

Just a short distance from Kothagudem and the temple town of Bhadrachalam, this peaceful forest kingdom continues to be one of Telangana’s beautiful natural treasures.

Kinnerasani Wildlife Sanctuary — A hidden forest kingdom where the lake guards a world of green.","కిన్నెరసాని వన్యప్రాణుల అభయారణ్యం: సరస్సు చుట్టూ ఉన్న అరణ్య రాజ్యం

తెలంగాణలోని పచ్చని అడవుల లోతుల్లో కిన్నెరసాని వన్యప్రాణుల అభయారణ్యం అనే ఒక అద్భుతమైన ప్రదేశం ఉంది.

635 చదరపు కిలోమీటర్లకు పైగా విస్తరించిన ఈ విశాలమైన అడవిలో దట్టమైన చెట్లు, పచ్చని పొదలు మరియు విశాలమైన పచ్చిక బయళ్లు కనిపిస్తాయి. కానీ ఈ అడవి మధ్యలో ఒక ప్రత్యేకమైన అందం దాగి ఉంది — అదే అందమైన కిన్నెరసాని సరస్సు.

ఒక భారీ నీలిరంగు అద్దం అడవుల మధ్య దాగి ఉన్నట్లు ఊహించుకోండి. సరస్సు మధ్యలో దట్టమైన అడవులతో నిండిన కొన్ని ద్వీపాలు ఉన్నాయి. నీటితో చుట్టుముట్టబడిన ఈ ద్వీపాలు మొత్తం ప్రాంతాన్ని ఒక రహస్యమైన ప్రపంచంలా కనిపించేలా చేస్తాయి.

ఈ అడవి తూర్పు కనుమల తేమతో కూడిన ఆకురాల్చే అడవుల పరిధిలోకి వస్తుంది. ఇక్కడి చెట్లు ఋతువులకు అనుగుణంగా మారుతూ ఉంటాయి. దట్టమైన అడవులు, పొదలు మరియు విశాలమైన పచ్చిక బయళ్లతో ప్రకృతి దృశ్యం కూడా కాలానుగుణంగా మారుతూ ఉంటుంది.

ఈరోజు ఇక్కడికి వచ్చే వారికి కిన్నెరసాని కేవలం ఒక అడవి మాత్రమే కాదు. ఇది నీరు మరియు అడవి జీవితం ఒకదానితో ఒకటి కలిసిన ప్రదేశం.

కిన్నెరసాని సరస్సు తన కథను తానే చెప్పగలిగితే, బహుశా ఇలా అంటుంది:

“నా చుట్టూ ఉన్న అడవులే నా గోడలు, ద్వీపాలే నా కోటలు, నీరే నా అద్దం.”

కొత్తగూడెం మరియు దేవాలయ పట్టణమైన భద్రాచలంకు కొద్ది దూరంలో ఉన్న ఈ ప్రశాంతమైన అరణ్య రాజ్యం, తెలంగాణలోని అందమైన సహజ సంపదల్లో ఒకటిగా నేటికీ నిలిచి ఉంది.

కిన్నెరసాని వన్యప్రాణుల అభయారణ్యం — సరస్సు కాపలాగా నిలిచిన పచ్చని ప్రపంచంతో కూడిన ఒక దాగిన అరణ్య రాజ్యం.",,"Kinnerasani Dam viewpoint adds a quieter local-history, culture or nature experience near Kinnerasani Wildlife Sanctuary."
Kuntala Waterfall,Telangana,Waterfall,Tall waterfall on the Kadem River and one of northern Telangana's best-known natural attractions.,The waterfall is locally linked with stories of Shakuntala and her time in the surrounding forest.,"Kuntala Waterfalls, Neradigonda Mandal, Nirmal, Telangana 504323",https://encrypted-tbn0.gstatic.com/images?q=tbn:ANd9GcS3r5TtQIktn2od-g8QgjnRkdGHpJ9GAtcj57MuiSEPPFtTg00bVP4Crh5P&s=10,https://encrypted-tbn0.gstatic.com/images?q=tbn:ANd9GcRO2b8w6oFCbuxU2RZJWH8G8oVrDcI0bCcrGLw44zkUDA83eCWwp8CBZ7I&s=10,Gudem Gutta temple area,The hilltop shrine area adds a devotional layer to a nature trip and is part of the region's local sacred landscape.,"Kuntala Waterfall – Where Every Drop Tells a Story

Deep inside the green forests of Adilabad, the Kadam River begins a magical journey.

As its waters travel through the forest, they gather from several little ponds. In Gondi and Telugu, the word Kunta means pond, while Kuntalu means several ponds. And so, from these many ponds, the water gathers strength and begins its exciting journey toward the waterfall.

Suddenly, the river reaches the edge of a rocky cliff and leaps down from a height of nearly 150 feet!

This magnificent waterfall is called Kuntala, and it is the highest waterfall in Telangana.

But Kuntala has another story hidden in its name.

According to a local legend, Shakuntala, the wife of Dushyanta, was enchanted by the beauty and peacefulness of this forest. It is said that she loved bathing in these waters. Over time, people began calling the place Kuntala, a name believed locally to have evolved from Shakuntala.

After the heavy monsoon rains, the waterfall becomes even more spectacular. The water can be seen rushing down in two steps, creating two beautiful neighbouring cascades.

To reach the falls, visitors can travel by road to the entrance and then walk down a set of steps through the forest. Soon, the sound of rushing water grows louder—and the magnificent waterfall appears before them.

So, if Kuntala Waterfall were a character in a fairy tale, it would be a giant silver ribbon, rushing through the forest and tumbling from the sky, carrying stories from every little pond along its journey.

Kuntala Waterfall — Where the forest meets the falling sky, and every drop tells a story.","కిన్నెరసాని వన్యప్రాణుల అభయారణ్యం: సరస్సు చుట్టూ ఉన్న అరణ్య రాజ్యం

తెలంగాణలోని పచ్చని అడవుల లోతుల్లో కిన్నెరసాని వన్యప్రాణుల అభయారణ్యం అనే ఒక అద్భుతమైన ప్రదేశం ఉంది.

635 చదరపు కిలోమీటర్లకు పైగా విస్తరించిన ఈ విశాలమైన అడవిలో దట్టమైన చెట్లు, పచ్చని పొదలు మరియు విశాలమైన పచ్చిక బయళ్లు కనిపిస్తాయి. కానీ ఈ అడవి మధ్యలో ఒక ప్రత్యేకమైన అందం దాగి ఉంది — అదే అందమైన కిన్నెరసాని సరస్సు.

ఒక భారీ నీలిరంగు అద్దం అడవుల మధ్య దాగి ఉన్నట్లు ఊహించుకోండి. సరస్సు మధ్యలో దట్టమైన అడవులతో నిండిన కొన్ని ద్వీపాలు ఉన్నాయి. నీటితో చుట్టుముట్టబడిన ఈ ద్వీపాలు మొత్తం ప్రాంతాన్ని ఒక రహస్యమైన ప్రపంచంలా కనిపించేలా చేస్తాయి.

ఈ అడవి తూర్పు కనుమల తేమతో కూడిన ఆకురాల్చే అడవుల పరిధిలోకి వస్తుంది. ఇక్కడి చెట్లు ఋతువులకు అనుగుణంగా మారుతూ ఉంటాయి. దట్టమైన అడవులు, పొదలు మరియు విశాలమైన పచ్చిక బయళ్లతో ప్రకృతి దృశ్యం కూడా కాలానుగుణంగా మారుతూ ఉంటుంది.

ఈరోజు ఇక్కడికి వచ్చే వారికి కిన్నెరసాని కేవలం ఒక అడవి మాత్రమే కాదు. ఇది నీరు మరియు అడవి జీవితం ఒకదానితో ఒకటి కలిసిన ప్రదేశం.

కిన్నెరసాని సరస్సు తన కథను తానే చెప్పగలిగితే, బహుశా ఇలా అంటుంది:

“నా చుట్టూ ఉన్న అడవులే నా గోడలు, ద్వీపాలే నా కోటలు, నీరే నా అద్దం.”

కొత్తగూడెం మరియు దేవాలయ పట్టణమైన భద్రాచలంకు కొద్ది దూరంలో ఉన్న ఈ ప్రశాంతమైన అరణ్య రాజ్యం, తెలంగాణలోని అందమైన సహజ సంపదల్లో ఒకటిగా నేటికీ నిలిచి ఉంది.

కిన్నెరసాని వన్యప్రాణుల అభయారణ్యం — సరస్సు కాపలాగా నిలిచిన పచ్చని ప్రపంచంతో కూడిన ఒక దాగిన అరణ్య రాజ్యం.",,"Gudem Gutta temple area adds a quieter local-history, culture or nature experience near Kuntala Waterfall."
Pocharam Waterfall,Telangana,Waterfall,"Rocky multi-tier waterfall on the Godavari basin, surrounded by forest and pools.",Local stories connect the secluded gorge with wandering sages and forest spirits.,"Pochera Waterfalls, Boath Mandal, Nirmal, Telangana 504304",https://encrypted-tbn0.gstatic.com/images?q=tbn:ANd9GcR61fnPNdmry8miTMsZ3NaP84WWTynCPbI8t05V26stXg&s=10,https://encrypted-tbn0.gstatic.com/images?q=tbn:ANd9GcSMU3RsRsJI0Vdo1ybERrCgptAIhJB-RM1UIx43gu9Q5ApYE4AxFk9IZeA&s=10,Swarnapuri forest viewpoints,These quieter viewpoints reveal the rocky forest terrain that feeds the seasonal waterfall and preserve a sense of the area's older wilderness character.,"Pochera Waterfalls – The Hidden Jewel of the Forest

Deep inside the forests of Telangana, a little stream from the mighty Godavari begins a beautiful journey through the Sahyadri mountains.

As the water travels over the rocky landscape, it tumbles down one step after another, creating the magnificent Pochera Waterfalls.

The waterfall descends through several levels, with the final two steps being the largest. The biggest drop falls about 12 metres, creating a spectacular sight as the water rushes into the pool below.

The water takes on a beautiful emerald-green appearance as it flows over the granite rocks, making the waterfall look like a hidden jewel surrounded by thick green forests.

Today, Pochera is a popular destination for visitors who come to enjoy its peaceful forests and the sound of rushing water.

Pochera Waterfalls is nature's own staircase, where the Godavari's waters dance down the rocks into the heart of the forest.
","పోచెర జలపాతం: అడవిలో దాగిన రత్నం

తెలంగాణలోని పచ్చని అడవుల లోతుల్లో, మహా గోదావరి నది నుంచి విడిపోయిన ఒక చిన్న నీటి ప్రవాహం సహ్యాద్రి పర్వతాల మధ్యగా ఒక అందమైన ప్రయాణాన్ని ప్రారంభిస్తుంది.

ఆ నీరు రాతితో నిండిన భూభాగంపై నుంచి ప్రవహిస్తూ, ఒక్కో మెట్టు దాటుకుంటూ కిందికి జారుతుంది. అలా ఏర్పడిన అద్భుతమైన జలపాతమే పోచెర జలపాతం.

ఈ జలపాతం అనేక మెట్లుగా కిందికి ప్రవహిస్తుంది. వాటిలో చివరి రెండు మెట్లు పెద్దవిగా ఉంటాయి. అందులో అతి పెద్ద జలపాతం సుమారు 12 మీటర్ల ఎత్తు నుంచి కిందికి దూకుతూ, కింద ఉన్న నీటి కొలనులోకి వేగంగా చేరుతుంది. ఆ దృశ్యం ఎంతో అద్భుతంగా కనిపిస్తుంది.

గ్రానైట్ రాళ్లపై నుంచి ప్రవహించే నీరు అందమైన పచ్చ-నీలం రంగులో మెరిసిపోతుంది. దట్టమైన పచ్చని అడవుల మధ్య ఈ జలపాతం ఒక దాగి ఉన్న విలువైన రత్నంలా కనిపిస్తుంది.

ఈరోజు పోచెర జలపాతం ఒక ప్రసిద్ధ పర్యాటక ప్రదేశంగా మారింది. ప్రశాంతమైన అడవులను ఆస్వాదించడానికి, చుట్టూ వినిపించే నీటి ప్రవాహం శబ్దాన్ని వింటూ ప్రకృతిలో సమయాన్ని గడపడానికి సందర్శకులు ఇక్కడికి వస్తారు.

పోచెర జలపాతం — ప్రకృతి స్వయంగా నిర్మించిన ఒక రాతి మెట్ల మార్గం. గోదావరి నీరు ఆ మెట్లపై నాట్యం చేస్తూ, అడవి గుండెల్లోకి జారిపోయే అద్భుతమైన ప్రదేశం.",,"Swarnapuri forest viewpoints adds a quieter local-history, culture or nature experience near Pochera Waterfall."
Kawal Tiger Reserve,Telangana,Wildlife,Large protected forest landscape important for tiger habitat and dry deciduous biodiversity.,Forest communities preserve oral stories about tiger guardians and sacred groves.,"Kawal Tiger Reserve, Jannaram, Mancherial, Telangana",https://encrypted-tbn0.gstatic.com/images?q=tbn:ANd9GcRY8WgrLv96jNejuZQmxGwb3CBT5SblAuqUJK_9OOWl3bmc7qns8DQnCn0&s=10,https://encrypted-tbn0.gstatic.com/images?q=tbn:ANd9GcRQTC2Tp4b-Vjdg_piP67MundArYuMp2P_XAlX0i8eJNOGB21NHx8uZxGy-&s=10,Jannaram forest lake,The lake-and-forest setting is used locally for nature watching and reflects the water sources around which forest settlements developed.,"Kawal Tiger Reserve – The Forest Where Tigers Rule

Deep in the forests of northern Telangana lies a place where trees whisper, rivers flow, and wild animals roam freely Kawal Tiger Reserve.

Its story began in 1965, when the area was established as a wildlife sanctuary. It later became a protected area in 1999, giving its forests and animals greater protection.

For many years, Kawal remained a safe home for countless plants and animals. The forests also form an important catchment for the Godavari and Kadam rivers, helping nature and wildlife thrive.

Then, in 2012, Kawal received an important new identity — it was declared a Tiger Reserve. New measures were introduced to protect the forest, including checkposts to reduce poaching and improvements to traditional water sources.

To give the tigers enough food, 150 cheetals were released into the reserve as prey.

Today, Kawal is a living world of forests, rivers, tigers, and countless other creatures. Its story is a reminder that when people protect nature, the forest gets a chance to protect its wild inhabitants too.
","కవ్వాల్ టైగర్ రిజర్వ్: పులులు పాలించే అడవి

ఉత్తర తెలంగాణలోని దట్టమైన అడవుల లోతుల్లో, చెట్లు గుసగుసలాడే, నదులు ప్రవహించే, అడవి జంతువులు స్వేచ్ఛగా సంచరించే ఒక అద్భుతమైన ప్రదేశం ఉంది — అదే కవ్వాల్ టైగర్ రిజర్వ్.

ఈ కథ 1965లో ప్రారంభమైంది. ఆ సమయంలో ఈ ప్రాంతాన్ని వన్యప్రాణుల అభయారణ్యంగా ఏర్పాటు చేశారు. తరువాత, 1999లో దీనికి మరింత రక్షణ కల్పించేలా సంరక్షిత ప్రాంతంగా మార్చారు. దీంతో అక్కడి అడవులు మరియు వన్యప్రాణులకు మరింత భద్రత లభించింది.

అనేక సంవత్సరాలుగా కవ్వాల్ అనేక రకాల మొక్కలు మరియు జంతువులకు సురక్షితమైన నివాసంగా కొనసాగింది. ఈ అడవులు గోదావరి మరియు కడెం నదులకు ముఖ్యమైన నీటి పరీవాహక ప్రాంతంగా కూడా పనిచేస్తాయి. దీంతో ప్రకృతి మరియు వన్యప్రాణులు అభివృద్ధి చెందేందుకు అనుకూలమైన వాతావరణం ఏర్పడింది.

తర్వాత, 2012లో, కవ్వాల్‌కు ఒక ముఖ్యమైన కొత్త గుర్తింపు వచ్చింది — దీనిని టైగర్ రిజర్వ్‌గా ప్రకటించారు.

అడవిని మరియు పులులను రక్షించేందుకు అనేక కొత్త చర్యలు చేపట్టారు. వేటను, అక్రమ వేటను తగ్గించేందుకు చెక్‌పోస్టులు ఏర్పాటు చేశారు. అలాగే అడవిలోని సంప్రదాయ నీటి వనరులను మెరుగుపరిచారు.

పులులకు తగినంత ఆహారం అందుబాటులో ఉండేలా, వాటికి సహజ ఆహారంగా ఉపయోగపడే 150 చీతల్ జింకలను రిజర్వ్‌లోకి వదిలారు.

ఈరోజు కవ్వాల్ అడవులు, నదులు, పులులు మరియు అనేక రకాల జీవులతో నిండిన సజీవ ప్రపంచం. దీని కథ మనకు ఒక ముఖ్యమైన విషయాన్ని గుర్తుచేస్తుంది:

మనుషులు ప్రకృతిని రక్షించినప్పుడు, ప్రకృతి కూడా తన అడవి జీవులను రక్షించుకునే అవకాశం పొందుతుంది.",,"Jannaram forest lake adds a quieter local-history, culture or nature experience near Kawal Tiger Reserve."
Basara Gnana Saraswati Temple,Telangana,Temple,"Famous Saraswati temple on the Godavari, especially associated with Aksharabhyasam.",Traditional stories say sage Vyasa meditated here and installed the deities after the Mahabharata war.,"Basara, Mudhole Mandal, Nirmal, Telangana 504101",https://encrypted-tbn0.gstatic.com/images?q=tbn:ANd9GcS7c4RoTCTSy2t_jwNiO6v_G1e4trERfaOqsHltgq5fSIhWIDa_VrW_Nno&s=10,https://encrypted-tbn0.gstatic.com/images?q=tbn:ANd9GcSvOshE0LCUsy-YWTtlWhgdEWPiVtNcFCGpT8QnV_icr8ITwtRXe6CXO1jf&s=10,Godavari river ghats,"The riverbank carries local stories of learning, pilgrimage and ritual bathing, and offers a quieter complement to the temple visit.","Basara Temple :Where Knowledge Meets the Godavari

Long ago, after the great Kurukshetra War, Maharishi Vyasa and other sages searched for a peaceful place where they could pray and live quietly.

Their journey brought them to the beautiful Dandaka forest, beside the Godavari River. Mesmerized by its calm surroundings, Vyasa chose this place for meditation. It came to be known as Vasara, which later became Basara

Centuries later, a Karnataka king named Bijialudu  built a temple here. Over time, the temple faced destruction, but in the 17th century, its sacred idols were restored by a local chieftain.

Today, children come to the Gnana Saraswati Temple before beginning their education. During the special Akshara Abhyasam ceremony, they write their first letters and offer their books and pencils to Goddess Saraswati, the goddess of knowledge.

The temple is also home to Goddess Lakshmi  and Goddess Kali, making Basara a place associated with three divine powers.

And so, beside the peaceful Godavari, Basara continues to tell a beautiful story a place where ancient sages found peace and generations of children begin their journey of learning.
","బాసర ఆలయం: గోదావరి తీరంలో జ్ఞానం కలిసే చోటు

చాలా కాలం క్రితం, గొప్ప కురుక్షేత్ర యుద్ధం ముగిసిన తరువాత, మహర్షి వ్యాసుడు మరియు ఇతర ఋషులు ప్రశాంతంగా ప్రార్థనలు చేసుకుంటూ జీవించడానికి ఒక ప్రశాంతమైన ప్రదేశం కోసం వెతకడం ప్రారంభించారు.

వారి ప్రయాణం వారిని గోదావరి నది ఒడ్డున ఉన్న అందమైన దండకారణ్యానికి తీసుకువచ్చింది. అక్కడి ప్రశాంతమైన వాతావరణానికి ఆకర్షితుడైన వ్యాస మహర్షి, ఈ ప్రదేశాన్ని తపస్సు చేసుకోవడానికి ఎంచుకున్నాడు. ఈ ప్రాంతాన్ని అప్పట్లో “వాసర” అని పిలిచేవారు. కాలక్రమేణా ఆ పేరు **“బాసర”**గా మారిందని చెబుతారు.

అనేక శతాబ్దాల తరువాత, బీజియాలుడు అనే కర్ణాటక రాజు ఇక్కడ ఒక ఆలయాన్ని నిర్మించాడు. కాలక్రమేణా ఈ ఆలయం అనేక ఇబ్బందులను ఎదుర్కొని ధ్వంసమైనప్పటికీ, 17వ శతాబ్దంలో ఒక స్థానిక పాలకుడు ఇక్కడి పవిత్ర విగ్రహాలను పునఃప్రతిష్ఠించి ఆలయ వైభవాన్ని తిరిగి తీసుకువచ్చాడు.

ఈరోజు పిల్లలు తమ విద్యాభ్యాసాన్ని ప్రారంభించే ముందు ఇక్కడికి వస్తారు. జ్ఞాన సరస్వతి ఆలయంలో జరిగే ప్రత్యేకమైన అక్షరాభ్యాసం కార్యక్రమంలో పిల్లలు తమ జీవితంలో మొదటి అక్షరాలను రాస్తారు. అనంతరం తమ పుస్తకాలు మరియు పెన్సిళ్లను జ్ఞాన దేవత సరస్వతీదేవికి సమర్పిస్తారు.

ఈ ఆలయంలో లక్ష్మీదేవి మరియు కాళీదేవి కూడా కొలువై ఉన్నారు. అందువల్ల బాసర మూడు దైవిక శక్తులతో అనుబంధం ఉన్న పవిత్ర ప్రదేశంగా ప్రసిద్ధి చెందింది.

అలా ప్రశాంతమైన గోదావరి నది ఒడ్డున ఉన్న బాసర, ప్రాచీన ఋషులు ప్రశాంతతను కనుగొన్న ప్రదేశంగా, అలాగే తరతరాలుగా పిల్లలు తమ విద్యాభ్యాస ప్రయాణాన్ని ప్రారంభించే పవిత్ర క్షేత్రంగా తన అందమైన కథను కొనసాగిస్తోంది.",,"Godavari river ghats adds a quieter local-history, culture or nature experience near Basara Gnana Saraswati Temple."
Nirmal Fort,Telangana,Fort / Craft Heritage,Historic fort area associated with Nirmal's rulers and the town's lacquerware and woodcraft tradition.,Regional stories connect Nirmal's artistic tradition with craftsmen patronized by local rulers.,"Nirmal Fort area, Nirmal, Telangana 504106",https://encrypted-tbn0.gstatic.com/images?q=tbn:ANd9GcRHqdtChrWvYHZhcSgmBBOjwYnLIQCR5-aXlU72O19aYDW6St2IE968Xk8&s=10,https://encrypted-tbn0.gstatic.com/images?q=tbn:ANd9GcR5ocr9sk_Ldg1Oih1fOjPmCqrNl70N62lHFRT2fTF8bw&s=10,Nirmal woodcraft workshops,"Craft families preserve techniques and motifs passed through generations, making the workshop itself a living cultural story.","Nirmal Fort : The Fortress of Hidden Secrets
Long ago, in northern Telangana, there stood a mighty fortress called Nirmal Fort, watching over the town like a powerful guardian.

One of its famous kings was Nimmanaidu. In a difficult time, he borrowed money from his friend Kunti Venkatarayudu by pledging the fort as security. But on his way to pay the tax, the money was stolen by robbers. Unable to repay the growing debt, Nimmanaidu faced a heartbreaking fate.

Years later, Nirmal Giri Durga was strengthened in 1747 with the help of French engineers. Huge stone walls, 64 bastions, seven gates, and a deep water-filled moat made the fort difficult for enemies to enter.

The fort even had a fascinating chain gate. A massive iron gate was connected to a strong chain and wheels, and an elephant was used to open and close it.

Inside stood the royal palace, meeting halls, the Hawa Mahal, wells, and other stone structures. Another fort called Battisgarh was part of a network of 32 forts built around Nirmal, with tunnels connecting different fortifications according to the local account.

Today, many of Nirmal's forts and gates lie in ruins, but their stones still tell stories of kings, battles, clever engineering, secret passages, and a kingdom that once stood proudly in northern Telangana.
","నిర్మల్ కోట: దాగి ఉన్న రహస్యాల కోట

చాలా కాలం క్రితం, ఉత్తర తెలంగాణలో నిర్మల్ కోట అనే ఒక శక్తివంతమైన కోట ఉండేది. అది ఒక బలమైన కాపలాదారుడిలా పట్టణాన్ని చూస్తూ గర్వంగా నిలిచి ఉండేది.

ఈ కోటకు సంబంధించిన ప్రసిద్ధ రాజుల్లో ఒకరు నిమ్మనాయుడు. ఒక కష్టకాలంలో, ఆయన తన స్నేహితుడు కుంటి వెంకట్రాయుడి దగ్గర డబ్బు అప్పుగా తీసుకుని, కోటను తాకట్టుగా పెట్టారని చెబుతారు. అయితే పన్ను చెల్లించడానికి వెళ్తున్న సమయంలో, ఆ డబ్బును దొంగలు దోచుకున్నారు. పెరుగుతున్న అప్పును తిరిగి చెల్లించలేకపోవడంతో, నిమ్మనాయుడు ఎంతో విషాదకరమైన పరిస్థితిని ఎదుర్కొన్నారని స్థానిక కథనం చెబుతుంది.

కొన్ని సంవత్సరాల తరువాత, 1747లో, ఫ్రెంచ్ ఇంజినీర్ల సహాయంతో నిర్మల్ గిరి దుర్గంను మరింత బలోపేతం చేశారు. భారీ రాతి గోడలు, 64 బురుజులు, ఏడు ప్రవేశ ద్వారాలు మరియు నీటితో నిండిన లోతైన కందకం ఈ కోటను శత్రువులు సులభంగా లోపలికి ప్రవేశించలేని విధంగా చేశాయి.

ఈ కోటలో ఒక ఆసక్తికరమైన గొలుసు ద్వారం కూడా ఉండేది. భారీ ఇనుప ద్వారానికి ఒక బలమైన గొలుసు మరియు చక్రాల వ్యవస్థను అమర్చారు. ఆ ద్వారాన్ని తెరవడానికి, మూసివేయడానికి ఏనుగును ఉపయోగించేవారని చెబుతారు.

కోట లోపల రాజభవనం, సమావేశ మందిరాలు, హవా మహల్, బావులు మరియు అనేక రాతి నిర్మాణాలు ఉండేవి. బట్టీస్గఢ్ అనే మరో కోట కూడా నిర్మల్ చుట్టూ నిర్మించబడిన కోటల వ్యవస్థలో భాగంగా ఉండేది. స్థానిక కథనం ప్రకారం, నిర్మల్ చుట్టూ మొత్తం 32 కోటల వ్యవస్థ ఉండేదని, వాటిలో కొన్ని కోటలను కలుపుతూ సొరంగ మార్గాలు ఉండేవని చెబుతారు.

ఈరోజు నిర్మల్ ప్రాంతంలోని అనేక కోటలు మరియు ద్వారాలు శిథిలావస్థలో ఉన్నాయి. అయినప్పటికీ, వాటి రాళ్లు ఇప్పటికీ రాజులు, యుద్ధాలు, తెలివైన నిర్మాణ పద్ధతులు, రహస్య మార్గాలు మరియు ఒకప్పుడు ఉత్తర తెలంగాణలో గర్వంగా నిలిచిన రాజ్యం గురించి కథలు చెబుతున్నాయి.",,"Nirmal woodcraft workshops adds a quieter local-history, culture or nature experience near Nirmal Fort."
Devarakonda Fort,Telangana,Fort,Ruined hill fort built among seven hills and associated with the Padma Nayaka rulers.,Local memory celebrates the fort's natural defenses and Padma Nayaka resistance in the Deccan.,"Devarakonda Fort, Devarakonda, Nalgonda, Telangana 508248",https://pbs.twimg.com/profile_images/1300872838149070849/2uepWqpO_400x400.jpg,https://pbs.twimg.com/media/GIeDEPvWgAAVcEd.jpg,Peddamma temple hill,The hill shrine preserves village goddess traditions and offers a quieter devotional experience than the main fort site.,"Devarakonda Fort : The Seven-Hill Fortress

Long ago, on top of a hill surrounded by seven smaller hills, stood the mighty Devarakonda Fort. It was like a giant stone guardian, protecting the people and watching over the land.

But this fort had a special secret it had seen the rise and fall of many kingdoms. Kalyani Chalukyas, Haihaya Chiefs, Kandur Chodas, Kakatiyas, Gona Chiefs, and Recherla Nayaks all left their mark on the region.

The Recherla Nayaks later made Devarakonda an important capital. Under their rulers, the fort grew stronger, with massive walls, curved bastions, granaries, ammunition stores, and living quarters.

The fort was carefully designed for battles. Its curved walls helped protect against attacks, while the high ramparts allowed soldiers to watch for enemies. A small lake inside the fort provided water, even when enemies surrounded it.

Inside the fort, the Rama and Shiva temples built by Mada Nayaka still stand among the ruins, quietly reminding us of its royal past.

As the centuries passed, the fort changed hands from the Bahmani rulers to Shitab Khan, the Vijayanagara Empire, the Qutb Shahis, the Mughals, and finally the Nizams.

Today, Devarakonda Fort may be partly in ruins, but its stones still whisper stories of kings, battles, kingdoms, and the people who once called this magnificent hill fortress home.
","దేవరకొండ కోట: ఏడు కొండల కోట

చాలా కాలం క్రితం, ఏడు చిన్న కొండలతో చుట్టుముట్టబడిన ఒక ఎత్తైన కొండపై దేవరకొండ అనే శక్తివంతమైన కోట ఉండేది. అది ఒక భారీ రాతి కాపలాదారుడిలా ప్రజలను రక్షిస్తూ, చుట్టుపక్కల ప్రాంతాన్ని గమనిస్తూ నిలిచి ఉండేది.

కానీ ఈ కోటకు ఒక ప్రత్యేకమైన రహస్యం ఉంది — ఇది ఎన్నో రాజ్యాల పుట్టుకను, పతనాన్ని చూసింది. కళ్యాణి చాళుక్యులు, హైహయ పాలకులు, కందూరు చోడులు, కాకతీయులు, గోన నాయకులు మరియు రేచర్ల నాయకులు ఈ ప్రాంతంపై తమ ముద్రను వేశారు.

తరువాత రేచర్ల నాయకులు దేవరకొండను తమ ముఖ్యమైన రాజధానిగా మార్చారు. వారి పాలనలో కోట మరింత బలపడింది. భారీ రాతి గోడలు, వంపుగా నిర్మించిన బురుజులు, ధాన్యాగారాలు, ఆయుధ నిల్వ గదులు మరియు సైనికుల నివాస ప్రాంతాలు కోటలో ఏర్పడ్డాయి.

ఈ కోటను యుద్ధాలను దృష్టిలో పెట్టుకుని ఎంతో తెలివిగా నిర్మించారు. దాని వంపు గోడలు శత్రువుల దాడులను ఎదుర్కొనేందుకు సహాయపడేవి. ఎత్తైన కోట గోడలపై నుంచి సైనికులు దూరంగా వచ్చే శత్రువులను గమనించగలిగేవారు. శత్రువులు కోటను చుట్టుముట్టిన సమయంలో కూడా ఉపయోగపడేలా, కోట లోపల ఒక చిన్న సరస్సు కూడా ఉండేది.

కోట లోపల మాడా నాయకుడు నిర్మించిన రామాలయం మరియు శివాలయం ఇప్పటికీ శిథిలాల మధ్య నిలిచి ఉన్నాయి. అవి ఈ కోటకు ఉన్న రాజసమైన గతాన్ని నిశ్శబ్దంగా గుర్తుచేస్తున్నాయి.

శతాబ్దాలు గడిచేకొద్దీ, దేవరకొండ కోట అనేక పాలకుల చేతులు మారింది. బహమనీ పాలకులు, షితాబ్ ఖాన్, విజయనగర సామ్రాజ్యం, కుతుబ్ షాహీలు, మొఘలులు మరియు చివరకు నిజాములు ఈ కోటపై తమ ఆధిపత్యాన్ని కలిగి ఉన్నారు.

ఈరోజు దేవరకొండ కోట కొంతవరకు శిథిలావస్థలో ఉన్నప్పటికీ, దాని రాళ్లు ఇప్పటికీ రాజులు, యుద్ధాలు, రాజ్యాలు మరియు ఒకప్పుడు ఈ అద్భుతమైన కొండ కోటను తమ ఇల్లుగా భావించిన ప్రజల కథలను నిశ్శబ్దంగా గుసగుసలాడుతున్నాయి.",,"Peddamma temple hill adds a quieter local-history, culture or nature experience near Devarakonda Fort."
Nagarjuna Sagar Dam,Telangana,Dam / Lake,Major Krishna River dam and reservoir with nearby Buddhist heritage and viewpoints.,The wider landscape preserves the memory of ancient Nagarjunakonda and Buddhist teacher Nagarjuna.,"Nagarjuna Sagar, Nalgonda district, Telangana 508202",https://www.hyderabadtourism.travel/images/v2/packages/nagarjuna-sagar-dam-header.jpg,https://s7ap1.scene7.com/is/image/incredibleindia/nagarjuna-sagar-dam-hyderabad-telangana-1-musthead-hero?qlt=82&ts=1742170278837,Ethipothala Waterfall,"The waterfall is wrapped in local stories about sages and the ancient Krishna valley, while its cascades make it a popular scenic detour.","Nagarjuna Sagar Dam :The Giant Wall of the Krishna                                                                                                          
Long ago, people dreamed of controlling the mighty Krishna River and using its water to bring prosperity to the region. The idea began as early as 1903, when the Nizam asked British engineers to survey the river for a possible dam.

Many years later, on 10 December 1955, Prime Minister Jawaharlal Nehru officially began the construction of Nagarjuna Sagar Dam. Engineers and workers spent the next twelve years turning this huge dream into reality.

The dam became a remarkable engineering achievement and was built using local knowledge under the leadership of engineer Kanuri Lakshmana Rao. In 1967, the water was finally released into the canals, helping bring water to the surrounding lands.

But the dam also hid an ancient story beneath its waters. The reservoir submerged the historic settlement of Nagarjunakonda, an important centre of Buddhist culture. Before the waters arrived, archaeologists carefully moved many ancient monuments, sculptures, and artefacts to safer places such as Nagarjunakonda Island and Anupu.

Today, Nagarjuna Sagar is more than a giant dam. It is a place where engineering, nature, and ancient history meet, telling the story of how one river helped shape the future while preserving memories of a much older world.
","నాగార్జున సాగర్ డ్యామ్: కృష్ణానదిపై నిర్మించిన మహా గోడ

చాలా కాలం క్రితం, శక్తివంతమైన కృష్ణా నదిని నియంత్రించి, దాని నీటిని ఉపయోగించి ఈ ప్రాంతాన్ని సస్యశ్యామలం చేయాలని ప్రజలు కలలు కనేవారు. ఈ ఆలోచన 1903లోనే ప్రారంభమైంది. అప్పట్లో నిజాం ప్రభుత్వం బ్రిటిష్ ఇంజినీర్లను కృష్ణా నదిని పరిశీలించి, అక్కడ ఒక డ్యామ్ నిర్మించే అవకాశం ఉందా అని అధ్యయనం చేయమని కోరింది.

చాలా సంవత్సరాల తరువాత, 1955 డిసెంబర్ 10న, భారత ప్రధానమంత్రి జవహర్‌లాల్ నెహ్రూ నాగార్జున సాగర్ డ్యామ్ నిర్మాణానికి అధికారికంగా శంకుస్థాపన చేశారు. ఇంజినీర్లు మరియు వేలాది మంది కార్మికులు తరువాతి పన్నెండు సంవత్సరాల పాటు శ్రమించి, ఈ భారీ కలను నిజం చేశారు.

ఈ డ్యామ్ ఒక అద్భుతమైన ఇంజినీరింగ్ విజయంగా నిలిచింది. ఇంజినీర్ కనూరి లక్ష్మణరావు నాయకత్వంలో, స్థానిక జ్ఞానం మరియు నైపుణ్యాలను ఉపయోగించి ఈ భారీ నిర్మాణాన్ని పూర్తి చేశారు. చివరకు 1967లో, డ్యామ్ నుంచి కాలువల్లోకి నీటిని విడుదల చేశారు. దీంతో చుట్టుపక్కల ప్రాంతాలకు సాగునీరు అందడం ప్రారంభమైంది.

కానీ ఈ డ్యామ్ నీటి అడుగున ఒక పురాతన చరిత్రను కూడా దాచుకుంది.

డ్యామ్ నిర్మాణం వల్ల ఏర్పడిన భారీ జలాశయంలో చారిత్రక నాగార్జునకొండ ప్రాంతం నీట మునిగింది. ఇది ఒకప్పుడు బౌద్ధ సంస్కృతికి ఎంతో ముఖ్యమైన కేంద్రంగా ఉండేది. నీరు చేరకముందే పురావస్తు శాస్త్రవేత్తలు అక్కడి పురాతన కట్టడాలు, శిల్పాలు మరియు ఇతర చారిత్రక వస్తువులను జాగ్రత్తగా సురక్షిత ప్రాంతాలకు తరలించారు. వాటిలో అనేకం నాగార్జునకొండ ద్వీపం మరియు అనుపు ప్రాంతాల్లో భద్రపరచబడ్డాయి.

ఈరోజు నాగార్జున సాగర్ కేవలం ఒక భారీ డ్యామ్ మాత్రమే కాదు. ఇది ఇంజినీరింగ్, ప్రకృతి మరియు పురాతన చరిత్ర కలిసే ప్రదేశం. ఒక నది భవిష్యత్తును ఎలా మార్చగలదో, అదే సమయంలో ఎంతో పాత నాగరికత జ్ఞాపకాలను ఎలా తనలో దాచుకోగలదో చెప్పే అద్భుతమైన కథ ఇది.",,"Ethipothala Waterfall adds a quieter local-history, culture or nature experience near Nagarjuna Sagar Dam."
Buddhavanam,Telangana,Buddhist Heritage,Large Buddhist cultural park near Nagarjuna Sagar inspired by ancient Nagarjunakonda heritage.,The site draws on stories of Nagarjuna and the ancient monastic culture of the Krishna valley.,"Buddhavanam, Nagarjuna Sagar, Nalgonda, Telangana",https://media.telanganatoday.com/wp-content/uploads/2022/01/Budha.jpg,https://media.assettype.com/outlooktraveller/import/outlooktraveller/public/uploads/articles/explore/175.jpg?w=1200&h=675&auto=format%2Ccompress&fit=max&enlarge=true,Nagarjunakonda Island Museum,The island preserves archaeological memories of the ancient Buddhist centre that once stood in the valley before the reservoir submerged the original landscape.,"Buddhavanam : A Journey into Buddha’s World

Long ago, near the Krishna River, there was a place called Nagarjunakonda, a great centre of Buddhist learning. Monasteries, stupas, and temples stood there, spreading the teachings of the Buddha.

Today, this ancient Buddhist heritage is brought to life at Buddhavanam, a Buddhist theme park at Nagarjuna Sagar.

As you enter, the Entrance Plaza welcomes you with beautiful sculptures and the Dharma Chakra, symbolising the teachings of Buddha.

Then comes Buddhacharita Vanam, where the important moments of Buddha's life are shown through sculpturesfrom the birth of Siddhartha to his enlightenment, first teaching, and final journey.

Nearby stands the magnificent Maha Stupa, surrounded by carvings that tell stories from Buddha's life and Buddhist traditions.

In Jataka Park, children can discover stories about the Buddha's previous lives, where animals, kings, and ordinary people teach lessons about kindness, courage, patience, and wisdom.

And in Stupa Vanam, miniature stupas from India and different Buddhist countries show how Buddhist architecture travelled and developed across the world.

So, Buddhavanam is more than just a tourist park it is like a journey through time, where ancient stories, art, wisdom, and Buddhist heritage come alive for visitors.
","బుద్ధవనం: బుద్ధుని ప్రపంచంలోకి ఒక ప్రయాణం

చాలా కాలం క్రితం, కృష్ణా నది సమీపంలో నాగార్జునకొండ అనే ఒక గొప్ప ప్రదేశం ఉండేది. ఇది ఒకప్పుడు బౌద్ధ విద్యకు ముఖ్యమైన కేంద్రంగా ఉండేది. అక్కడ మఠాలు, స్థూపాలు మరియు ఆలయాలు ఉండేవి. అక్కడి నుంచి బుద్ధుని బోధనలు ప్రజలకు వ్యాపించేవి.

ఈరోజు, ఆ పురాతన బౌద్ధ వారసత్వాన్ని నాగార్జున సాగర్‌లోని బౌద్ధ థీమ్ పార్క్ అయిన బుద్ధవనంలో మళ్లీ సజీవంగా చూడవచ్చు.

బుద్ధవనంలోకి అడుగుపెట్టగానే ప్రవేశ ప్రాంగణం సందర్శకులకు స్వాగతం పలుకుతుంది. అక్కడ అందమైన శిల్పాలతో పాటు, బుద్ధుని బోధనలకు ప్రతీకగా నిలిచే ధర్మచక్రం కనిపిస్తుంది.

తర్వాత బుద్ధచరిత వనం వస్తుంది. ఇక్కడ శిల్పాల ద్వారా బుద్ధుని జీవితంలోని ముఖ్యమైన సంఘటనలను చూపించారు — సిద్ధార్థుని జననం నుంచి జ్ఞానోదయం, మొదటి బోధన మరియు చివరి ప్రయాణం వరకు.

దాని సమీపంలో అద్భుతమైన మహా స్థూపం ఉంది. దాని చుట్టూ ఉన్న శిల్పాలు బుద్ధుని జీవితం మరియు బౌద్ధ సంప్రదాయాలకు సంబంధించిన కథలను వివరిస్తాయి.

ఇక జాతక పార్క్లో పిల్లలు బుద్ధుని పూర్వ జన్మలకు సంబంధించిన ఆసక్తికరమైన కథలను తెలుసుకోవచ్చు. ఈ కథల్లో జంతువులు, రాజులు మరియు సాధారణ ప్రజలు దయ, ధైర్యం, సహనం మరియు జ్ఞానం వంటి విలువైన విషయాలను నేర్పిస్తారు.

అలాగే స్థూప వనంలో భారతదేశంతో పాటు వివిధ బౌద్ధ దేశాలకు చెందిన స్థూపాల నమూనాలు ఉన్నాయి. వీటి ద్వారా బౌద్ధ నిర్మాణ శైలి ప్రపంచంలోని వివిధ ప్రాంతాలకు ఎలా విస్తరించి, కాలక్రమేణా ఎలా అభివృద్ధి చెందిందో తెలుసుకోవచ్చు.

అందుకే బుద్ధవనం కేవలం ఒక పర్యాటక ప్రదేశం మాత్రమే కాదు. ఇది కాలంలోకి తీసుకెళ్లే ఒక ప్రయాణంలాంటిది. ఇక్కడ పురాతన కథలు, కళ, జ్ఞానం మరియు బౌద్ధ వారసత్వం సందర్శకుల ముందే సజీవంగా మారతాయి.",,"Nagarjunakonda Island Museum adds a quieter local-history, culture or nature experience near Buddhavanam."
Domakonda Fort,Telangana,Fort / Palace,"Historic fort-palace complex with gateways, courtyards and temple structures.",Local history associates Domakonda with the Kamineni rulers and memories of royal ceremonies.,"Domakonda Fort, Domakonda, Kamareddy, Telangana 503123",https://encrypted-tbn0.gstatic.com/images?q=tbn:ANd9GcQ28TxMS1bcHNzALwd9FfQrE-Q5XKomX9j3ydyXXbUTCSFMGQzwDFeemCb8&s=10,https://cdn.s3waas.gov.in/s3c2626d850c80ea07e7511bbae4c76f4b/uploads/bfi_thumb/2019022772-olwbyzjap2zxogdy2dprxevm1xul5vlcjliim4vcgk.jpg,Rameshwar temple complex,The temple setting preserves a quieter religious layer of Domakonda's heritage and helps connect the fort-palace with the surrounding village culture.,"Domakonda Fort  : The Royal Palace of Hidden Stories

Once upon a time, in the village of Domakonda, there stood a magnificent fort surrounded by strong granite rocks. People called it Gadi Domakonda  or Killa Domakonda.

As you entered through its wooden doorway, you would discover a beautiful two-storied palace filled with delicate stucco decorations. It was like stepping into a royal storybook.

Inside the fort was a special palace called Addhala Meda, or the Glass House. At its heart was a peaceful courtyard with a water garden, surrounded by strong granite pillars.

The palace itself was a meeting place of different architectural styles. The ground floor had beautiful arches and Mughal-inspired stucco work, while the upper floor had round pillars and a flat ceiling influenced by Western architecture.

But Domakonda Fort had an even older story to tell. Within its grounds stands a Shiva temple built during the time of the Kakatiya rulers, connecting the fort to the ancient history of Telangana.

Even today, the fort stands proudly, reminding visitors of royal life, ancient craftsmanship, and the rich cultural heritage of Telangana.
","దోమకొండ కోట: దాగి ఉన్న కథల రాజభవనం

ఒకప్పుడు దోమకొండ గ్రామంలో, బలమైన గ్రానైట్ రాళ్లతో చుట్టుముట్టబడిన ఒక అద్భుతమైన కోట ఉండేది. ప్రజలు దీనిని “గడి దోమకొండ” లేదా “కిల్లా దోమకొండ” అని పిలిచేవారు.

కోటలోని చెక్క తలుపు గుండా లోపలికి అడుగుపెడితే, సున్నితమైన అలంకరణలతో అందంగా తీర్చిదిద్దిన రెండు అంతస్తుల రాజభవనం కనిపించేది. అక్కడ అడుగుపెట్టిన అనుభూతి ఒక రాజకథల పుస్తకంలోకి వెళ్లినట్లుగా ఉండేది.

కోట లోపల “అద్దాల మేడ” అనే ప్రత్యేకమైన రాజభవనం ఉండేది. దీనినే “గ్లాస్ హౌస్” అని కూడా పిలిచేవారు. దాని మధ్యలో ప్రశాంతమైన ప్రాంగణం, అందులో ఒక అందమైన నీటి ఉద్యానవనం ఉండేది. చుట్టూ బలమైన గ్రానైట్ స్తంభాలు ఆ ప్రాంగణానికి ప్రత్యేకమైన అందాన్ని ఇచ్చేవి.

ఈ రాజభవనం వివిధ నిర్మాణ శైలుల అందమైన కలయికగా నిలిచింది. కింది అంతస్తులో అందమైన వంపు ద్వారాలు మరియు మొఘల్ శైలిని ప్రభావితం చేసిన సున్నపు శిల్ప అలంకరణలు కనిపిస్తాయి. పై అంతస్తులో గుండ్రని స్తంభాలు మరియు సమతల పైకప్పు పాశ్చాత్య నిర్మాణ శైలిని ప్రతిబింబిస్తాయి.

అయితే దోమకొండ కోటకు అంతకంటే పాత కథ కూడా ఉంది. కోట ప్రాంగణంలో కాకతీయుల కాలంలో నిర్మించబడిన ఒక శివాలయం ఉంది. ఇది ఈ కోటను తెలంగాణలోని మరింత పురాతన చరిత్రతో అనుసంధానిస్తుంది.

ఈరోజు కూడా దోమకొండ కోట గర్వంగా నిలిచి, సందర్శకులకు రాజుల జీవనశైలి, పురాతన శిల్పకళ మరియు తెలంగాణ గొప్ప సాంస్కృతిక వారసత్వం గురించి ఎన్నో కథలను చెబుతోంది.",,"Rameshwar temple complex adds a quieter local-history, culture or nature experience near Domakonda Fort."
Khammam Fort,Telangana,Fort,"Hilltop fort with layers of Kakatiya, Qutb Shahi and later Deccan history.","The fort's hilltop setting inspired stories of hidden passages, watchmen and treasure.","Fort Road, Khammam Fort, Khammam, Telangana 507001",https://encrypted-tbn0.gstatic.com/images?q=tbn:ANd9GcQQHJOzAg4FjLdynsjvh7-vYVgfpSelAdlBBkS-poh_aajDTOTH5kE0CPOT&s=10,https://www.trawell.in/admin/images/upload/497306867Khammam_Fort_Main.jpg,Narasimha Swamy temple at Khammam,Local devotion to Narasimha adds a sacred dimension to Khammam's hilltop fort landscape and keeps older religious traditions active.,"Khammam Fort  :The Fortress on the Giant Rock                                                                                                                                                                                                                         Long ago, on top of a giant granite hill, stood the mighty Khammam Qilla, watching over the city.

Its huge stone walls, rising as high as 80 feet, protected the people inside. Ten strong gates guarded the fort, with the grand Pattar Darwaza serving as one of its most impressive entrances.

Inside, soldiers stood ready with nearly 60 cannons, watching the surroundings from the fort’s bastions and walls. Giant stones, some almost 10 feet long, formed its powerful structure.

But the fort had another secret   the Zafar Well, a massive stepped well designed to collect rainwater and keep the fort supplied with water.

And then there is the mystery of the hidden tunnels. Local stories say they were once used to escape enemies and secretly move valuables.

Today, Khammam Qilla stands as a remarkable reminder of the past, where Hindu, Islamic, and Buddhist influences come together to tell the story of generations gone by.
","ఖమ్మం కోట: భారీ రాతి కొండపై కోట

చాలా కాలం క్రితం, ఒక భారీ గ్రానైట్ రాతి కొండపై శక్తివంతమైన ఖమ్మం ఖిల్లా ఉండేది. అది నగరాన్ని కాపాడుతూ, ఒక గొప్ప రాతి కాపలాదారుడిలా గర్వంగా నిలిచి ఉండేది.

దాని భారీ రాతి గోడలు కొన్ని చోట్ల 80 అడుగుల ఎత్తు వరకు ఉండేవి. ఈ బలమైన గోడలు కోటలోని ప్రజలకు రక్షణగా నిలిచేవి. కోటకు పది బలమైన ప్రవేశ ద్వారాలు ఉండేవి. వాటిలో అద్భుతమైన పత్తర్ దర్వాజా ముఖ్యమైన ప్రవేశ ద్వారాలలో ఒకటి.

కోట లోపల సైనికులు ఎల్లప్పుడూ సిద్ధంగా ఉండేవారు. దాదాపు 60 ఫిరంగులతో, కోట బురుజులు మరియు గోడలపై నుంచి చుట్టుపక్కల ప్రాంతాలను గమనిస్తూ ఉండేవారు. కోట నిర్మాణంలో కొన్ని 10 అడుగుల పొడవు వరకు ఉన్న భారీ రాళ్లను కూడా ఉపయోగించారు.

కానీ ఈ కోటలో మరో ముఖ్యమైన రహస్యం కూడా ఉంది — జాఫర్ బావి. వర్షపు నీటిని సేకరించి, కోటకు అవసరమైన నీటిని అందించేలా ఈ భారీ మెట్ల బావిని ఎంతో తెలివిగా నిర్మించారు.

ఇక కోటలోని రహస్య సొరంగాల గురించి కూడా ఆసక్తికరమైన కథలు ఉన్నాయి. స్థానిక కథనాల ప్రకారం, శత్రువులు దాడి చేసినప్పుడు తప్పించుకోవడానికి, అలాగే విలువైన వస్తువులను రహస్యంగా తరలించడానికి ఈ సొరంగాలను ఉపయోగించేవారని చెబుతారు.

ఈరోజు ఖమ్మం ఖిల్లా గత వైభవానికి ఒక అద్భుతమైన గుర్తుగా నిలిచింది. దాని రాతి గోడల మధ్య హిందూ, ఇస్లామిక్ మరియు బౌద్ధ ప్రభావాలు కలిసిన చరిత్ర కనిపిస్తుంది. తరతరాలుగా సాగిన ఖమ్మం ప్రాంతపు కథలను ఈ పురాతన కోట నేటికీ మనకు చెబుతోంది.",,"Narasimha Swamy temple at Khammam adds a quieter local-history, culture or nature experience near Khammam Fort."